_metadata,premise,corp_status,product_name_sc,product_name_cust,itemnumber,itemnamenbr,corpitemupc,productnumber,pim_product_name,level_1_hierarchy,level_2_supplier_hierarchy,level_2_region_hierarchy,level_2_region_hierarchy_extended,imageurl,defaultimageurl,region,country_of_origin,sub_region,size,closuretype,containertype,corporate_units_per_case,ready_to_drink_rtd,category,corporate_item_type,corporate_item_subtype,item_class,brand,supplier,alcohol_by_volume,alcohol_by_volume_bucket,proof,service_category_in_pim,varietal,appellation,vintage,vineyard,producer,corp_item_flavor,diversity_brand,pim_replacement_item_effective_dt,pim_replacement_id,proprietary,ready_to_delete_flag,value_added_pack,fine_wine_flag,romantic_description,diet_specialty,style,rating,rating_source,pim_item_class_desc,pim_item_sub_class_desc,corp_item_scc,special_container,outer_packaging,units_per_inner_pack,inner_packs_per_case,cases_per_pallet,level_1_hierarchy_revised,dataos_load_dt
"{""_dataos_run_mapper_id"": ""mock:redshift-inputs""}",EG4AX11VLP6VBFEFRYOKC8074ATMSTU663CBLF15W0LA6Z7YREC6M0MNR2K,CT374Y2LVQWTW9XJM0ZWSC22HE,ONESOURCEPLUS_0,CUSTOMER_0,299420,CUSTOMER_0,VLYHBH8WA4MV26UQ0MBZSMQR079PP2UMWFP1B32JD,OXGXFROY5U9TNM1ITH29WV8PY7VP8XZZEU2QT,ONESOURCEPLUS_0,JJCW89DIME4KULOLN9DOUXX2VTGT1WVK6JKO4,H7UQJR13QCGIRYZ4BZ0S70IRVM8CK0713IGZCBS8HK28IEFCISDBCW78K36,BBGLP6,KMQMS3C19E9FHKP2HYP5T7OX6TMWG2N,0AJU0NSUSO18FEX9OGJ7O5UY,696X,32M5A3F1A,8RKD8WTUOABML7YX2V61O65SPOYMP8FCSJHXMZ4TMYUZ5GG,TIL0IHB8KRWIU7JN7Z36S60V3CED4KYR5VNQ55JECFEP3CG,6Z0,KQMGQMZ83UPSBA,BJ2C00N0UHPQ1N60J0G478ZGMUNE5MDBDSM9DIJ3HEXSHATRCHF,5106806,3NIGI0JQS1W8ICS79IPLE2ZGJQNVV0TRV8C9A9QP78Z94FF,8NMT55CSUNETEQW6SRYOHNIZMZ,MY3X5QO3X2C5JEG,5X4XQM6B2YTL01UKAA4EOL4P7LCDBS,QT5VO37S4FV0VS0NLAOMVEZFI5Y,417G7EP7BNQKJJ289W61ZASA415VWWG8KXV4IEOL4,J2AP5RJADKJHXIIWV8U7RID3DY52,601.68,FH9FG7,GPUMT1YTI01LYHITKGLL4AWKH07LGVPABTDLFEN9SPV7GXT,EYZOZ,HK7XWL6C34T4OMRO1L1AXHSPIAPEAFZNH3CURMFAMEBGQ7C318X7UR,RXM03O625X5QVWQ08FURMPVYXVV8TV52RZ18OQQNIU3A8L,3422872,E2EJ8S7TAD5OGY6NVYFB395D5Y6YEXLPM8O154PV8FSF0K0D1JGVV0B0KSCU,BHBKZRKKT31S8CIFIXV5PAYJU4QZ7AOI25AY,BF5I6FDFVLQE5VFZ2TFTOZKYQ4UE90QIN6HJ1GRT52UE,POTVUM7Z,2025-07-12 00:45:08.905318+00:00,M0W133808QFYRAN65NWYQFK3ZGVQHFJJ84JJBCTVVWWPIQWWYVA60OLH3Q5,I7FMCFYKI8HF2GGK3AW7AL4AYV6JCIHV0PWNA,S,OAY5,E,DESC_0,NNMWPPCVB3CI5,P0L6JQO4R,5994338,N2WLTTO0TCO8VD4GDOPW0TSFPPAT3MZINV3YP6CNYS6SPG9SS66PEVVQ,DESC_0,DESC_0,3X1GOTD167TFZ3,7EHE6ZO24UOMTRRCETIN98GK8XHIDI6PPOUXIJZCMV2GU5XJKP8HUFL,PDJZQFIDEHGHACWI,1534068,4238167,5664942,O0BMSBYGIFNNW4015I,2024-07-31 11:06:22.360647+00:00
"{""_dataos_run_mapper_id"": ""mock:redshift-inputs""}",JY10C,W4IJ5XJEHIC0Z06WPWNHPVMAAFLV8RKTYQ8NC4ULD4VSQMPEW77Y0CWJH,PRODUCT_1,ADVANCEDSEARCH_1,485122,ADVANCEDSEARCH_1,HGK4SHL6OVU6QLHIW9HO0,FKT6DVP92J1IYTN0CR5VS2EFVTPK79LLHFFJJMOBJI43NY,CUSTOMER_1,FCSTKO,XY5Z2K8KRDJ6Y8T26J419,UVXXYRETTJOQW86A19T3DOCOCMS09JIAR7DX8F,UIOOZF13F3J2JMACU84WA1VFF6UTH2MXQ,2TL42E5AOWC5H12R42V4DQ5KYDOIY8EZKCECL49W,1IJX4QPEM1MUJ5S9XUJY35HVFD87KTC53I,SK1DL0AKRR73W62G6CJFTBXEQQWR6L4ZA0,W2A0LFMJ5PWVHIYVHCLOE4QHLUYYKJHTY1DSRF0,6QSQRXDZTVMSKQWHPJWDH0NPJPD2S4U7F0X193LEAF90UC00S6DZA,JC9095YYQ48VT7J5UY27OSO6UGW1ZBF7OAY1KFL1GW005AUCO1K6VA8KW,W44YAAPOGI61270V2J,4ZB060VCQYW2NPW1X3T7NG7,2163755,XOQWDXYB9ZGEXXHDTMQYG86Y,OZ81GLBRH04W5YWI0WN4JB8OZUPIUXGQU8M7CEYAKC5IP4EJP37OZ1H4HBQU,T7POAC4IRBRPU37AJEOR5WNTVKTOGDAOMUO6G30R6Z8JTO5EJKC6U1V,E5KGFVP1G08QFLS1GPNNJWPIDCNOSJIHTH4AOD3WSY1HVJXVDNFNG4O7CDR1,DSUFX8G5QM5V4BIHE2LDGFA,XLA2RAKPGUEN60MRFAG2AHJP5HJ9LGIY8NDNGKLCS8N8,VJR6PCIPMAJAE9B3OIBDXP7A27JWZ,417.84,ORKFTCT4YW0AVTMLF8Q14JTNK1F97D421761Q1M,FVA9EOUVJ5DO1DYXYBE0V10SUOP4PVF5CC8,2AN880LDLN3BNH0JN50PXIV57UIXJM5QXKUCS6Z4D2U38HE1O2F75SCV9WJ,3GXNTY0IK7WJXY1Y74ENAH9YR8MW2W4KGG0RONK8XJN3J,C8MTIVZLO6VA0XG3DTKDNOBJD0192WJT1ANRB7BJ0RH4OE,5194338,TEPDX8VA1R,6XK,14WF1DVXU186F93A8JQUPVEIA0PGRW7P4U2P75LBWKGIHITCFJDL,JUQXHOPQWOOYFU1K31GUHULK18B25HP2FSN02WF5,2024-01-22 04:45:39.405605+00:00,14QAGELTFDU013FX3ZY29NL5EZXZPU3DJLU3QM1LBYRC8E8K1TM,SEF5ZHXVJHUPIYRI6PKP45O7OGAXIMDPU7OY0,C,Y4GJF1B9H5BALYQO1ZTXHEOVH8K2ZSCLCGQE,Y,DESC_1,W3XQ4LWMELWZUO33E2U5O,6RVINUSKBWBTSKYN325EHR31YDO75FHDKF2Q3DK9HI5P2WKZ,9983876,K2NHYRPYU467DCUZO62WMZ0B8ULSBP512ACMY55HU0,DESC_1,DESC_1,YGE59X8,2IT0M0FUV18DEM4D6O5JGAT22Z36A916JKOLYL6ZSX,BCGXKVU5VY9S7WRJ6LWC3X4SQ,4835443,8505218,8982609,ZXB1ZETX0L2FG514JMHZTEZ2LSTQVLP,2025-07-08 09:47:53.993396+00:00
"{""_dataos_run_mapper_id"": ""mock:redshift-inputs""}",SJKQY17VITS837HT4I,CZP09QO2VYNCY31NZ,CUSTOMER_2,ONESOURCEPLUS_2,701675,ADVANCEDSEARCH_2,DKNX9EG5W4GEOAHRWF0F88PRM2RPX04ZHAFU903BDRGH,XAQQ0AP1YJVIFPIJSDHP16IN5P,SGWS_2,P5U8I5MYKG0HYI4AMF3EYPKUA9ME,D4F7OMACDRXHRH,2NY4TEXO4XN2J6074A3K13MZAX82111ITFEWF13DJLD223DIB52,FU29B0V0QL7,YGKV6DX9KWH80C5SQQE7W6OBISRY,ZHXP3V7YJ7UVHW4H5A,TZO6UC70KDGFRR52OIBLCC0FGP9A959V,K6BRYKIKRUZ,GFV7YWFI59ADDLWT44STPUWUVTCNZK48TMIUQ0B1AZQHQ5X4RX1HIWH,CS3COAZ3TPKDN4G63LM7FF91LXXYNNYHBBF4ASPD,QH50SQ2JV5PJI1A2ENBNJRI4X2OJ9H4RALSWQ4NNTZ0P64,RRG6PLBUNRUH1ZH09BBB6KGY2JJ7YF34IIT8OOB93EI4GKVQ13,2703089,QITD0W3PUAIZOODFJ9UDZOH4QVRSMXJHMRNV8FTIZP4JQKY20A0HP6S6,8IN2J90HCS9A90OU479Y1QGGY3UFUL3,THNGCR5BXC9HS13IEYFKG30P1065UHMPH11SFPN4QJNDV57R02HE9CCL2HU,6JV8SOV084JH0T5RLKDEJNTEAFT5OY2NE0ILXNXSKEL2EPCTIWI7Q,0TI6B1J2FFKQHS9ZOR99HP75KK2YXVTFN,MN3FVCP3C1ZKCL2SFO3Q1X9UKECR7016VZZFWVJZD7NGKXYHWUEZ,STHTVMUHX7IOBS89KERB779W,28.90,GDAUQI84M3KPI8TLP0HL1VFGIGE,XEWI9L,QER3EO0JSNUWPWPFT8XWD3JGPWI0BG9ZF,QEC2JR6N5VJGGJRV70X5QL7BOI2F0HANYXXD95S4,QRWQETLV4YN5XCKE4PD3BVR0UKZM5DNSTJIL4QMK8I283IXIL0MM4,6867598,WB1J7YL7CS,JC3FEGDI2R6J3VGU7QT7TZKUNFRSMZEF6QP,90OVHZSOZ0EMONCW6MA9RRFOU3WPT8T7WDNY21RZCKDF0,HH8MSUGRW7S4O4ABP6E2OEEDY12A24SI90HXX7USP0U95YCSYU3PCG,2024-07-02 22:56:23.878707+00:00,WRTH98NDJJV63LBCHCOM1XNQ8GISP,U5276SMZ9BUOGFPS6TYBKCQZKG3704Q121G9Y886HYWMD30TPKXMM6TAP12D,C,A1A4XYP17AJPH89MV7UQZ5C,H,DESC_2,D52Y9WB32P3CJKLLTQYN3KYAMGVUHS,V5WTWY3L30T1A5KYWGI074I6,3536585,MKMJV3H9GUY85VPHOALJI026WHC9XHTSYKRAMZ179EGS1BIX3IW89N8VA69A,DESC_2,DESC_2,GYYHAZ3KZQQT19N0ZGCJTA2DN20J4XK812X6R8YTU5,VD3T463RJIE7546K2HOTZV,M5RSY8D1LMSC,3027744,6507075,9715220,NIC6B3DU8F143JZ2ZOITF7HR439XQQOI538TOYM7U,2025-11-09 05:07:05.144168+00:00
"{""_dataos_run_mapper_id"": ""mock:redshift-inputs""}",QE0WEASEHSAP8AO2184ZA25UNCB253ZDVE2A39SCUUOURMY7VXYOWPLL,NG0CRHUARTT5XIUMVQQ32J29FEZIBM44HUPQCRTPS9W0Y,CUSTOMER_3,ONELAKEHOUSE_3,299420,PRODUCT_3,GGQFK84ZM9VN9P50ODFQDANTQ63ZB,EWE5JOLJJ8ZMVMY26CN4TD0GIAHGHY5696A,CUSTOMER_3,46JBAA58XRYKPXCQ33E8QOHZX3ZX98LY6P2TG2XIFR7B2FUVR9K8,H5NL,SXHA6XSP7IA72J4GYD8OY,251TI34LMUZL0PYXY0HD0F35DPG3V69QAZE4IKKRIGD3J83,DU4HFBPI1TSFLGZMB46HPYLRRX4GP5FE0,ZW3O0VAJBYX0TAC6NAOTWSEHUQ7TGQDILBWWNU,1MJCHH311WY57OBHMF9FD6JQH14KJDARY9GFFCE,7YRNF9QTS3APMG1BKDTK30GISUT20VXLBNPA,SZZMDCP9M6CAZHMWA4XMHSWIAFXY37EC55T7XDW8NFEMMY2E4,6PK,QBXXIU,I9BKGA27AFMFW6ZVCJFVHXWWA,3347223,C1D8HA53N3UY978697LXQIVTY31,YXBBHPJWJ1WZ6OJKRWGRGRVVGE6O5YG9S9O85OLLO5NHP34,BPL6E3GZ9E7R2U0BRN5MPBNQLN4WPP2J4L7CEZ,8LZU3RQ1EQNXOY2YB,G9KUI7YT6L2N2JCX8JPFFC9V2JK7IQVQNX,VWKZ0JWTME22IBZL5OPH4NVTUU5FXKKHXQ4D9LU,FNWT2AZR2RF0L1Q3G1X2WH41JTW9R,1.83,JUTGAU8MF62B9TBQALHEYK4YZVMC1U2P3G7W2L5XBLG27BUQYMK75P,72USVQQ0X2,3EFNP301IULK34W81T5MWNKF9DW6PNSDDPVRVOVDJPIAP4P8HD101,FKWTQBO048C20T,QUDYSJ7GS6IT8IRJJRSL2I24P7B294FNM68,6444326,QJ81Y0H5W6GHNHL,0YAWKF5CM0AOOBP6B76USIMR7IE7882V8GLX3YEZ4,PUY3FM8X,52KD5W6B8SMXVP13V6U37HB63JLZ5JD64RDYF1GTXO3RBW2EVVKDAA36S,2024-06-06 17:07:00.793844+00:00,RKHZESAG9MKZTEWW5AMOJB7KJBYJ083QPYZMJ2,H691LOFFSXOD2VL6Z51,I,NYJHVHE4MBUSSGSW57MOHVG8WU6Z70PQHJCLGAB1YKC,N,DESC_3,TH629MP8KFNH7MF02U08LY0Y7,9PYM11QKDSWJ5G3SKYLB67BNJMEJ7K6B93INA7,7563775,00RECUM7FLJ8Z88B,DESC_3,DESC_3,1B7PBE4XTF3OB1,EVSV6D,IXEMLJR3QL5L1IBXCBJVLUTCCGWBM3ZTZSGQNLG,1864738,1403864,1254417,ZD2ZLHOK5LFN7DOXM9FDT77042PH4DU2OUD7BNRQ,2024-09-29 12:13:35.505930+00:00
"{""_dataos_run_mapper_id"": ""mock:redshift-inputs""}",LHKPUJIETFTP,M8FLDXAPN9VAUBWC4373TD3FHFT,ONESOURCEPLUS_4,ONESOURCEPLUS_4,702133,PRODUCT_4,C0H16L,RTWJM,ADVANCEDSEARCH_4,R6A0BXYWTCFROT9PQ73KQSWQPACWD4CFI9V2O4RDEWG7RH8BK5KU9P6UIA2B,81IFDN7VD22QUEJKYGXX26D21S6XFUO54MEJLOO2C6XFKH8U4EL,RBO72753NOP,JN24O5YPXZPYKUF16QDQ2HK6PV8WKAH2YU2S1D7KVNTCBJ7JPXFG3MJG06HY,Y8VWITJF09NGYTBSQY7G258QLQ3W7932LB9PO3DQQ8CA2AWN59ZJ67,M8JASPSJUAEW4SPF00CX,HV7KG,GLBB5EGB,ZIU7TFU68L3LUMYJWLTOOFKFMK3SIIR4TWZEC,VHNNQD727A48AFR,M0CBF0071GSO5S861E1S7UXLWRVLF5L6N3D1GJVU21C3JJ0,V26AGOP0B5U5YXCCRLNH7P2UVJ10B,5133011,RVB8VIPSAHIR7I91QBKAVETZFLBPWL77WJZEWTDKIKR1TD4TW5BSR0O1,DBXBLWOVLZET67KWF7JNC2ETU9G037NKLP,9U5DGWUH39GZ96MX8WY475MHUTQ3ZDPP9AK2C88A2FF88WO8PAFU68,HJZZWVY6VVP8KALDE10GB7F7BV,XNBKEW1QFVPRHGPIV6EN5YCIRM2QYMVZGD6RSUG56PPDUZXK8FE6,K8J9,Y9FR00YHUBVSG8ZQAA60CLYAULMAGWA54Y60SC,311.12,LNFC3E,MW1CIUOJKKL5SY1W6ZK0LQ5HW3TCA6KE3MKXIPQT9JNVKL07,X10IL3RYXQY1VL9L45D,CIY1FY9IAEPK0AOP927Q0J412J,TEF5T40YHMHDP22JTH09G6XG7K94QWHC8WG0YAD6O0ZNKD,3367119,X85JRFVBFHSUDFT27EQ,JDOUIEXEZ9VIOFZD,M4W6ZZL4G87Z4DLBG4HR,I7MIQ,2025-06-11 06:29:13.648621+00:00,BGA7Y,BTROJ,C,V8NSBH,Y,DESC_4,8Q8QK8RVW8VDCQK2K7UHRC,SQ6JE19YTTA9BHRG6T6F8VK17F,566042,9KOB07ZOW4785V3GPGRFPARDVQ6QHZHOPZRM0JREIQKAOZJHGZ3ME,DESC_4,DESC_4,4X10748CZ7HN0KEQDNN28NR9AOUO4NJ7W9CECO4Y4Q9CPRX3EHW141ES0QVK,CG9RACOXS4XZ2KE7IM,6PV1KMW08WAGOF02ZRFDNB5M10C3ZJUT0HSIHV,4910594,4815798,7693647,OUM12PY7APQ4A74ZR5SIVPL35TQ9G9X67B6COWUPHM8F9X,2024-02-03 23:16:08.261101+00:00
"{""_dataos_run_mapper_id"": ""mock:redshift-inputs""}",OWB5OFAXOO414KCTK9P6TM2NCA5GD5JG3G,LZKYHPX5474LMSSQ,PRODUCT_5,ADVANCEDSEARCH_5,979604,ONESOURCEPLUS_5,OKHXX7SEV7NDS910I8L8L186WAII7TOXEZHEYCIFLS9QVH,8NLV4GMAVZMS7TFVWIF19EUGSOYU4D8O6Y4K03FMGYR6XX3,ONELAKEHOUSE_5,LDFZHXGM91HDREK6JOT2PZT9QEP,2Q165,MCSTT1XCJU,GCJ16W6W4P5Z29T6Q9A89FBT74P6N68CXV5Y0GW,QQC5AKDDR8YOVDR7P48XYHVG317KJQZ1T8M469TFFLG83A6190AJPK8,XP3556XBJA,L5M3BP0C5ZNH57HS4M9F4PZEAF4OKQUE7BS9BKDBWXWHYX64,02VQ62HADU46JVGWS1SK,JBB8ZSJZT07PMJZGABJHGUSCQG4ZRWV9R3CUI5R6,5Z51MNEKM1PE4YRO2P8VQXWZ7HHUQ2SA53V3L01QFYZELO92Z0NX0D,J4GJUONM72QH78CRY0AEV15H,WYDOYN7XUVBGKY0L93NU6KL4BQXMR1XBM94Z6IL67ZKGXXLIUGC4UK0TBV,4704186,AEMWOFQZ8MDYT36S2UB2FTE4B6FI84POI557SS1N2MZ32IAAT5WJ,C6I9UL,U1BGOJ5OEPUGX5SY27MPGJ5599G71MSZ8ZESWB7IFJ3A328WFW3QKXEJ0QRF,R028EH,FFA6UI79ICNWD391V8BAW2JZW8G09B8L2WEIGYKZZS79X0ZF6M2VU3DBL,KQAUZILJ523MNM44DII86L7MAKXGWW9N838RCKPITPRJBWDVNJLX17T,G7MW6BJNB7B2STIVD2D0SLV7C5O60OLBKSE0RGRB6Z7OFM,856.60,4Q9LIYSQW1XZQ6KPVXF1VKWA2DG4INTUIEQDKLIDBHX,0AH7BZ9M2KXTY47NTXT9,U9ZZNDVSMN83IVWCDJUORDDKMFKQN38SN3QLZTHAUUVAHZQYDURK6EF1ES0,43825S7YW2DCCA0XOACS25YSXHCVP1JKPL6ME,18U6DNLWTCQJJG,5527253,S50,AO5D9XVBF6F5ZFXFJRLR8U3,D657WIDSOMMXEB8Q84T0Q4F1DJFOBQ0,6KAPIIS7MA1Z928OQI,2024-10-24 23:12:41.709886+00:00,BVW,1L85WFMJE8NUKD6MPZWL,A,Q7892JNXCZN9ZSML2VSLWVDQMBHLAKZ7Y,H,DESC_5,67V8Q,QPDDOMARC02QOP4ZVB505CEWF0QJ4FOG,965037,7F0RNR0H41YCV7040SH021YQ04,DESC_5,DESC_5,ASC2L0ZHJZD7X5YHTXDETF6NZR2LZAV5A7XL28EJB74Z8,T0UAW5,DO0WJLD671PKDQ8V28S7RAWD8XCN2LUZGLI4VTT,4831143,4610963,1371500,7UYCBX0A1YBZC3LRJFTNQMUW0SEODR8MYCO66ITYGP3BZ0GZSYEQF091CT,2025-07-27 20:27:06.536821+00:00
"{""_dataos_run_mapper_id"": ""mock:redshift-inputs""}",FO1TE6RHMSD9LSBYEOJXZ4AOODHOW82EDLBLM95MADO2GW29RV,IM3ZGRAMYE2OZ487A5DTCHOQCVZSKAKHSUNP64Y40FBYV9FK,ONESOURCEPLUS_6,SGWS_6,123783,CUSTOMER_6,GW3RK83VDALC,4W30,ADVANCEDSEARCH_6,AB7XFMA0G1VX4EXNRJXAOXLZC3GL7UPSBPK0P5,YEP914N4RP73CAB8G4W5,5HPED0G5HH691C8UPGWJHRWVQ4PUXD0GNXK6P6HUB7U23B,SW7EQUY3DTBJU5JD5V4R3C5MA0Q724UY5TD6XL9TZOYQGAV5T1UTDI,KT1JB1DWZUZAOZYJM0W9GBPM2A3U2I2WQMZR2769MEBS0JP5IV1Y,XWZ3NH0M3PKJ55GRYTB0U6RJSZ2BOZ6U5ELW4RZ1IW2X,BC0X6NLCS4A4J,O464,AK7Z8EGY4DV0SDVT0ZO63EMUQN6P7UYRV6WQL48HM26CW,DWH6FJYWZMRQX1KLBS3TGO33OEO,DJRM2IY18N8X1,CSU0YMNKV9PW8JK5VV2TRNB0UKLUATF2KE4LZF7I15TRQ,8484369,ZKQP12B8N7C6L0UTXCK5H0NQKUGRHYOSBGPBEQXVX9C3FP0RXIARAWS3X3U,EPT303VREZK3T7V6U7FF,QLR,K9YTG8U8Q4ZGX1V1TDBZ55LVJ1PGS1IU4LQ4S2BBB9N,WRX8OJPDPB0QY3H4G,EDF8U42ZTW7P30XN13OV8HUI5R4MI25QD0RTNZCPV3B8,TSF1CLIM1KZ7LDW91TVVEBXEKB0NM1BBMPN6EU,111.50,XM4LZYSORVCGBVS9CKVC8DD1NXRXHLVKAE,ZIIKST2J8EXW5ANN,1C2RSC63Z6F6ILQBWVCWNQ7FRFKRZ,KI67C0PRKUPQ4T0,36YUPPPD3FXLWJ6SZSQR5G3B8U2NUPWJM8D,4424029,WH6YIPAKR1I49HWSXYCKH72DQFAXC8R82HG5IPFI9LG,19QWC7W7HXTK97U177PW5,JKO7Q95DR,7VE42K,2025-08-23 01:27:59.076216+00:00,0FQFG05411GXZCRC80U46NEHINN6SMXN9DDK6VA69I,WJFV93QDCUG5X4D4SQFAKVXMXP6Y8OUCEWGCZ4BZDKUDA9UIZAQBF7OLWL11,I,PQONK0ODKZHUH18CXBLYVVPVDUOBS0GY4,N,DESC_6,L4KTYALOKV668YUM9S7BH1O16DYP8485U9MUXX8XMS,QW51AL,2902316,BEOIYU421ITWFWEUG82IG8KNVBTHN13TQNW73PWJK,DESC_6,DESC_6,G70XI,HHAKB3BZKLLZWULMFUJ03YHDA83GLBNZJPQ5QFBRFXS97VDY,Y68YCCVAC4UD8ABHPFFRS2C3ZEGRD1,3758887,4483119,7233320,4MMEHFODIN6KK9GMMDGCZPMI0,2024-06-13 00:15:01.655985+00:00
"{""_dataos_run_mapper_id"": ""mock:redshift-inputs""}",9WA2419,ZP85H,ONESOURCEPLUS_7,SGWS_7,624241,CUSTOMER_7,DWHAAHF14,UI2DWFIBFDPB3IRN691PZSZNGUR,ONELAKEHOUSE_7,54SKZ3EGQQAAI9W5TXNFHNSMBRHQX,01FECE,CZ1E6KTVL5ZS,R3IR8ZUI10E87VGY2Q1Z4PX3F51O72QE2REM19J,J2P39JHZ2BNQ8Y9THVU7V73OI97DCFML,AJUB8AQI1J3CU7Y1I13SIQN6MHF2Z,LO2,SRV8OI7WARJXB9C31XDW6QJXPPFSDJ7GC,N6K4SD95RXMZRNN55Y4SLWT6MEXJB5QH8X56GB16UXTPK5IC7IPJEPI,XO7FXMB7K1MYTFIKV8YRXOCR1,VTWSC8RAQDR9SBE3LYL11MX41WI5BBRZT4WTR2KSHALUHF,STQJHXIX2EITIBROTAOF4MNJ7HQA,9237826,ZD9A727,CZLB0MJZXVRY15,LHIW2LQC9UEMVIZ7A2OJ42MZEJBIU9IHHUC1G,TTF1Y,4X06J9B7,NPFSYU5X86320,B10SOITFQF2YRZNY79A,637.46,0BCF2K5XTB19450041E740BG7W,Q91Q97J22GQ8XQWYIC,3V7MVL99VS3VTA43AIBOI406YW4PPI40MI0VJGUF6GJUCLI14XKVGAV,C3TZ9I,VES4IYOFA,8637411,V0JU91PFUHDHKVJ1L0RFU7B6DQLIARW,3C3L2KNULBF7X29XMR41C5NFL3BUU,39CV6R69JS0TPDYM5SXITAJ3QA4KBFDZG4OPCRMMCZJP,F16,2024-04-02 22:04:32.952289+00:00,TK4I,J6WKEFYS84QLWHL1K8V5R7HWME0EEKWB3H9H,Y,SMY3BIFKZGKM5DKQ75APKDD97G4PQV4UWGORHOA,1,DESC_7,EHA5LCC344MW9368DQGAIZGX669RDWIJSUESPIG5KXI1U,8TG906ZD9XC,4220214,JOWMB24T9NAKE1XB5E5FWH3IQJVXM5,DESC_7,DESC_7,S3WGM4AHQXJZ8RRQL7E4TYB07QO2WPWJOM9LZH4K4HMKI,YLTU8OVTCFNEKV6E6JYIU9LTGR6DERDTEAKXP9KHSPJKRE2EO47IL112,CPM6E0HACDPIH1DL0YJJU9LAQUWYBASXSA,713834,1012367,1837349,Q2UQQX4F24D05ECUPUGTFNITYR9AIWHC2IQKWMG576,2024-12-09 03:06:24.609576+00:00
"{""_dataos_run_mapper_id"": ""mock:redshift-inputs""}",OSZO6LPHIU71Q7BMIU31DN4S,RGCYRSP9QF,CUSTOMER_8,ONESOURCEPLUS_8,123783,CUSTOMER_8,N8NMFQSXBPAUWOT0XKPDYAU4WRIBPZ3BYSRMXFF272WDH2ULK,PQIZJX4L6XLYFP23ZMH8M6MMLHB,PRODUCT_8,QJ6PKMJI24C2A9YO2V1V5N929UPEX5VACMIKVCHHN4P,9XVMILYI9WH9QTTOX3OXTKX2E31D,MQ1900MBV3CWJGGTLSAMGIKYGV,JNOC7J9AD46AJMFVK5NDGAPE8GJAW7ZYX,LC7GIAQ6IYWGK8LXEGPMJYF6M7C3VZQTANYULCIQCC,T8JZCVC8NHV3S7IU,N5GF5YN2IRN996ERYVHOCP91DAIB88CVODKB4P,JUF88NE2E1JOZ1U2Q6XXEBWFG3TBXEHSLLLIW0,2OY98S04BE21TIQM,RGQ3XP6US6575TGUZT9DYI8KA0SE0K2BC28,SVYLH4NNJUODJKHEGHWUJFXKOFA848ZEE2P57JMAW4KOCAQ2,2SLQQZW673GBLCT0YDQM9XGJZ9A6T6AZNT880,2573727,ZIHZTI5YDYLEEQSS4S5RDUDTM59E2509PFBQLJKXCBJXJK91CV44N1F2,4R4F62SB699VZKDM0NEYMH8RMPN9,44YN17NV4C059U4MB69V8OUOG4W8QQEV1HSTMPBKCLJ,M1EZLG6JVPO98W,D49QOMOOL,EX3ZOD17ST2RFC4ES2E35ZLJLYOS7DMNEUOTL,GN82K0XVT,699.00,WOMP9JK6HMTE8AQJD506A8RA16OZ6IAEUXXWIL,CZ5DWCB09NKB0JFFIH6RBRWTAY9YTSZNFBLA16WZD,LVP9X,RYXUZTNBAJ7R1OPQ7V4932,9RHVN,402337,O9LU8WLAA58O4OKW1WN39LO7MQQ3SYCA7H0CRP,3X75QV7LHTRKCK61AQ1J2I52K7PPSR5IK56CUHMAH0E0XZFMEUK8LQ8DFS,26Z3D2LGJJ15TAL539KKPMA,SVO528TP578LL83MTO0BEVDHMUH1IE5Y32O75C9K5XQC,2025-04-26 17:24:36.067361+00:00,W6IXGDY1S0B2FIDQJONTW0ABDVSVBAH,UWEYXGAK,E,YCV1AXMWIELNDSHD,1,DESC_8,ME5KIUW2E6T4DG2,DLE1ZXZEDD6P94ZQKM1LIEGAMQOJ576IJ42,3724975,B7GDKPRGDK4CBJASOX9I5DH7PESCHJC4436HP2,DESC_8,DESC_8,29IFXH2UH5P90RY4UC48M8KTA5Q7I8VICX,O54V71G0G2WTTT,4I62DFNOLTKZYH12BS0OK1Y,2482815,4013487,6550603,AXQNV7732K5VGBK9JC0PR9IF2,2024-05-01 02:00:23.255539+00:00
"{""_dataos_run_mapper_id"": ""mock:redshift-inputs""}",SFFD4SK01U62DJF40M7ZRT7Q4YDKV29C8Y1CJ0M8402KP,EXBEFRMCL32ZQLNG6JF3UAGZTDDIVX,ONELAKEHOUSE_9,CUSTOMER_9,730070,ONELAKEHOUSE_9,P7D9IMP61H45514YRDD27T15C3LK10HUBHNGYPE3TVQ6RQWRRF62CUN6L,X36LBT8ND1KKJKARYJICKGT1IMU7DF3I2432JHAUMYHALLW,ADVANCEDSEARCH_9,X78B28GQGS037,JY212ISI5G5FMXAOZB2H8L,WRU2C7IM442KQVVARZEGO9K1LX414KERQ259DNEELCT3L94LHCC,NRMGC5DATPNG4V03B7C9GQSLHQTPHTGMF9SY7IBD8A5HL2AQLA3VVK,FVQRS686CMTKYESYY4EQLIB7RHBFJL5KWKCA4LQGRV5VR4AKOHD,NL3,CNIPWVLVIMQZDUD5D4EKUDN0VQ39UAL5E4YW2BQLHK7ZR3N9FOVZ2ZZ6A,NEQEUW,9IZTL3EZNQZJGEXKD4MX4S7LC4H1FOKZI8AZBD9NXQ,3SF3N9VFN18EMVPURCQCZT8NFL0SW7VN38SL8R2RHHQGW,V858OC5NI6,JV3YUZQ6KQ52I3YGT0G8UXPXZP6HJC8ZSVC2SLM8,9359272,G9MI5B9YFXSLRMIOYZEXJ2M6MSIE,SJ8M9MEDJJZR5WNURAIAP0VHRCW,B7XTDTDZ54W6LLA0IECYXIC30GYDZ71VVKYM8R2W6Y8896LTTY5TL5B,EUEC40DZ,464ZDN0O1NH0T1AKF7JSOOV28JW0,KEMWIPQCUEX40JRAPOY0IVJDFS3562Q722ZJSDYS8JL9DB2QT,XOFIPN20JQ1,418.86,36TY5SBDHNI83PBXFZR46,YJDHXRVTNTSGKZNMWEIKFHM0JKBRDKNWWPV0V388QREQF6DLZ,6B60G5SQK,9GNIMJ9IEOGQWC2,YHF0NCA5NRF58Q8A0JQD95MKE0XDK,8031935,3ZZ2MCV8HNTSEAEB05X3EANOZCRKEY312P8AM5ORIF0RH4AB1SH5J74VWFKE,ZD3CVVMFXYI2QE3VDVFKG1SWYX17254X63EP3UAMEUAX5JOVZ479ZYQRBX,Y6AV4YB5IXANBGIXF3DW0HE6ELQ9BL7DRX,0P6BX6JEXHAKU8DNFJ33NHLWQ0F99AMY35Y9W8X6V3AVYKH,2025-05-05 22:45:48.849519+00:00,RU68YJUG15,LBVIUUS98QM9K1ZL8Y81EKITMSI0O,1,8EJX0NDVJWEDK90DJ27KT945UV4DXS3CWW5HZYS1JK2QCW01B62RKGWGN,1,DESC_9,2JT9BN4R5Z0X9S2KOLHVOSKAKG1ML5TAJQ58XB2BZ4,Q26R3L5VQEX0,7815804,7AU2F6JOQG7QO,DESC_9,DESC_9,GQRDOADR6REAQFT8KX6JEOV9,V4EBVVL73XK421NNILSO9,6LQ,9380976,5229931,6207246,X2Z,2025-05-01 10:04:52.746282+00:00
"{""_dataos_run_mapper_id"": ""mock:redshift-inputs""}",JR3N4Q0ZS3TSQYYM0CNIWI1GD2YD,11TDV4N08SL6WSERVSTDH2AZ58MY7D1T19R65069AHWRLCP7FB,ONESOURCEPLUS_10,CUSTOMER_10,731901,ONESOURCEPLUS_10,6G28ZF28FVB7X8DCTSOY6392PTA0L4Q5V760493I03G0RLI3EQC3SD84I,SXH5KKM8,ONELAKEHOUSE_10,Y8K16IL2LOR5HNDTOFKAWR68T6CW62II,AG2QI,CXJWRM,V8AHEIV9N5FKZ1B9Z2NDL9SSDBX6C0QVAEY8E,QVJ0O3RQTRZYCLMBM2CGHXLW5HVBV6SFJEA9JITQ0FFVIIUILVRT13,7BV,QSBNT0GV635NI5N,1DRCHUV5RSG3CLKNN4T2RVNFA19GV3CN3VDVA2TIPRX5LBC9IXPI8B,KDHNV9XMS8BR3GCG4VLY7VO3UX046C7,GI51OPOLNRY0AQXZQKL4X,AKGMNVUXJ3AZJFCB4Y7XGEXISVYF5RPF29QAAQWTLA8UPMTQF0AGW40DFX11,OZL2TW955D8YTV7JIYEYC1ULR,8233471,1KECYGTT4N0TX7C1GZ8XXP1MSUXXCGW5QC2XWZLWJRCOCDQY4IT4DH02,GFUTDXXS4126WA9R2YS3V,89H4ONP1G66V0PK5JWQAMBNYH7ND9WJ88VC7BIMGSSHMF8NNON,R34RHQYBHPAJC6,JLEZ2M2PMKSI7V72YQE5VVHQMK91185NG0JP5FGQAUBJGVCIKEC6TS62AOAO,F5EBN,V1BH2WE7DB,487.49,0STR36CJ5RWHLNGA9JNDEUI2M6DD,OB6KAIUXDSUU5FBQKGUUT50LJ5OPLHWS6EE2ZBI2MZRZ56I6YBST40DY4GP,1VEUQPU9REUA2Q9ZBSIW86HA4M862P20JCRBBTBII6S8BZRKBJJP2OJ,Z2UXHYLJ0RA9M0Y7MG80,X8ODZAKL,3560489,08TLYNYGE69XLGS5ELQ9,ZPVJTRD9X30YZ12FTXVPFSC290K5TSCR6HKL67MDBU831CX1UVXMDD28,F3VYAHKAF6K2BIPXE5,JBDV0R8GBA9XOCSCM9MDEXLSTYD8NVFS2A,2025-05-19 05:36:49.699820+00:00,ZH477WSZ2CKLANC93Z2S91O8FD,VAVJTK93KFL8N,N,T8I7NU7N45J0XDKGRQNZAOA2L6J1JSV98IDW7U,H,DESC_10,LMQJCDC42AVRGFGGMLY,OPP9OJ2M9VY84CI1SW2ZQ87Z5G4QZ5LU7Y63DOVY7JSQMJU,8431062,L90GREBQ0EJCK3K2RZ9ANZ36RL1MOM9NQHHGMCYYLI2ZJ,DESC_10,DESC_10,DCOTXDSFZ7WTEWQBUIYLTB0,PPEERM9FWWCH1T83C7ZDD3,2020H65KYTFPA8WU8MLJTD253J38I8IDEQW0,105193,2653672,1419528,5ZBKD94LES3J1SMVYP9Q21EZMR6VJ4G8P6A11QRHPJ49HTU,2025-09-07 15:43:03.075543+00:00
"{""_dataos_run_mapper_id"": ""mock:redshift-inputs""}",9RTFG2ANK,PEWCJQW,ADVANCEDSEARCH_11,SGWS_11,160367,ADVANCEDSEARCH_11,RGOVOYHO68X3NBK04BZ9T40K1L29HXOQGE,3WWJWORB8QALQI7XDMWAIZYZQ5ZXA8WO3P4HNEUUZOJG,SGWS_11,C3518183FLF91XKJ4KOKRW7C329U6IF7WZ8YKV9X3I39,Y2O8DZ4K7ZD2K2PZ2QMY5J0,T9DLN017KW8YU0WRYGNDUTD1NCTJCREUJUD5LZYFT2PLFPWS2QV,NM9BHC3KSPEXDQA976CVEL3Y4ZY7TCZ51OLGU1HOYF0F1AE,RXQ68FSI0R58WZ48JRSFLK222FN0MHP3PAWKXBKW1V41B5KM,NHTX7OXEW7RL11MPU56BVZJ9MLUML3,CB4PICSSATGCBU13,H1ZKHI9FCQPBZVFMK267E0FFCVD1,IZX19V9VBJ0OPQAE,8S2H07NTZKXZS,W083E3KZ047,C4OUX7964QBTB98N9EGA6H3VHGLA4W0VOH06,1502842,4CDLGQMPDBW0LO84O7DO,MXH2VQI67TK0BG,DIQKNX2D1HUJZZHSB5HHW8IEL8RNV9HB4O5P4OD37PKC,R6C05P08ZWXGIBSDXB5D95EEZDQ8XYLLPO8EAHEZFQJM,RD1JAY9X49XD5TWVYU,KYOKVOLDK2GYBMJ7BX0LOCO,C37GLAY5,175.70,R798CV3ZUFX85A,QXZADKAMB07FA0MGF7PAQLPEV5S,GQE4BHC1OF,KG3LL2PNQJNRLRXIL0AY3JY0SQDESA5OGH4ZJ015H7UPE2RD,NFLKKHWJQLQHXHOPHOZ4FFEOYOS1B0G1LTQKKHR5M5LIJOPF6J378,3934172,GU8B8N89JNEJ94CJ7GIXKXNM5WUU7HQ1GUHJLSSA2N93YYMUIWUX82S,WBQIJT54LGT2XNGQ0VYTWV67,MRWIJQ0M5C5X094695JWB01,YN8Z50JEKPCHN2ID2HV8UYE7V269WI,2024-08-01 23:38:38.745168+00:00,A8JS80I0SMBKLTLOKEXTDYXTUTA,BR5QCSMB8WH2EFP3KBHXVBSGZD,A,FY77V0JUA6PTX6,S,DESC_11,LT7LI,VJDSLZWZ1UKDFEIJTW,2930016,9OZJ9J55KGC4QBYMEIBLCBOHZGX,DESC_11,DESC_11,ANZFP,CHP7M2AUOP7ZR24QT41W1Q,MM881WJHFKGVEV1IX9QHSKWH3808NURN19MNFHFST3,1739847,4207908,328891,SWI7,2024-11-09 01:25:53.838897+00:00
"{""_dataos_run_mapper_id"": ""mock:redshift-inputs""}",0Y80QND,7M8TFDZOCGVCB5XE60MLFVFROVD3ZYMONTI85X,ONELAKEHOUSE_12,ADVANCEDSEARCH_12,607020,SGWS_12,BU4SZ320OPAPSIAE8EHVJQN5MY1PZ,73SZRRZ2OG3QL2YFXXBTF,SGWS_12,U3V14E98V1DPMVPIATDOHP6VU3H4GV4S3UPXPISF8GSE6F0MS1E95D,H1UJ5YUFXVE1HV1XNOEVVJ5EW8676JHU,R2RXS6IFA,1DTFWGR852J96SQLB4FYM816DMS6QA2W6CT20LCFTH9BBPUZBW,2EL5WPO18DZIPBFJI9G93BFY4HWNLZZXN4BU,MEBOUAM5AUJTRV3,PGSCWRHSDUXZRETD18Z2C0KX4ON7DFA6OBIZ,F65HL7XQWQ4FVLEXUDQHCSG9N97SIXA,OZVD3WNL7MLI0XVFAADWVV6AGVFWL,L8Y6705H1IRN,2UF9BO2WXDEJTSFCHUNZ86AGRZY2SF6WLBEVS3V7YFM7,M2NA14R4A33PKEUX1KN4XN8W2V57BJU1V8GSTTGXBOKO2WGJSNUWXO,8453433,ROCTHGOSYOBMB8N509UTH29UDI8S6FNGIK1QSH2GJVVBC,U3HO,VDHC4EIYNQFDA3UWXU030EC3I8NY3KBZBOFM7MJMDP95M7JP1,4R04O,17LF002D6MMRT2MY,KPMU9B2FG11C6Z8EKSN32JHI10W8PDH4J7CJAY,D6SHH5SUUZZTVHGO2HKTF4MK,665.74,42NY5SCEN13RRNURRFBSVW4WTLF6WM2X4RUCXVZS9JIE6BG8FOU,PAF5TTECPRMANFVPC,Q9CUI6KL2LVW70G1N7ZCGUWK0SVX2,W6RNK0P57PQNAT5V0,L240NXW290CKGRQN5QVG8,4772205,ER8NB42T02TD0H1NY4EG3RFTW4H,DO3SC0QIVUYQIKR3XGW4FPMKGBQ9,WRPHMO7K33TQXO16O6LA4XR3TJHKCRC,MN3LODFCGJ89ZUFMS3RO4M,2024-07-28 23:57:32.064227+00:00,MGR1AJYGPO3LE8MBE9J87330O43D6GHLMO2VXL0P0OFW5HQQBYSBJW,MBWMLHD6K3H1YJ4XU53DHBWXEP60ZG2RYFNWWYNSO,N,J1RHM7C8O6KZSH97D2SWOM0D26BBGQTF6S6CKVEPU4ITFBPV19WSFFXN,N,DESC_12,05SU2OU6SYHII29HBSCYNIK2RKHY9SDL5REG8MHS7K0XU22EIMQVHY55EJVN,F1UJRH773KKGMQ2AE3KW5439PT6YSDHE0UZJIHDI7I,422939,NZ87ND9FCJ6QE0C74SNN,DESC_12,DESC_12,X9HNJLNBYK6E1LS5KW9FH2P8WC110,N4SS8MC1JP4X97AUBZDZTMZO4FFZBY6L5YMPEZGCYWZRMEPRVYJX0C11CQ,EZQM25UWT5L2J0U0QGG,9890451,4250171,7017203,D3J9CYZVH7JK416NAYR55T5DMNULPMA7S4O,2025-05-14 02:26:05.879562+00:00
"{""_dataos_run_mapper_id"": ""mock:redshift-inputs""}",8UBSYRKUWU7ASI9RQDPYG8G78FZ40P0JA3BP3,9VG70B78NQDWLVKWNZE228EQSWH3PHX,PRODUCT_13,PRODUCT_13,601861,ONELAKEHOUSE_13,483SXT85B09HTCMP2LHFEFES5DKX1EP1ERMHTJ0398VCP0RMZKXMS70Y5ZB,9L0APSSTOYQF1QPYA452Q73G8Y8L3TRYD0YPH4N7TK44R4ZXAWA13NPUQGNQ,SGWS_13,QX0EXIXV8Q1APHUOFPV07R5FXOR5GJPUWMUGWRCGP67T3W,WBD1A74LJZMW5O2CAI,IL7H9V4UFRDAW60390309G0KK2IW4N9E3FNGLYF6DLLVUL4JG3,KEPWVC30,W23QFNOTWLTE7Z96RR,6ZE9I7W0S722U55Q8816SXX6HKVFKLOP41XU3,2TYQPSTEJV5PWRUKDN80UN3932BCUQ1DSXZ,BGHFSVBBIBVS3WYCOJMAN1OHD0N3YX3D,1V1AA1TG3QU1MHRUJFOQCBLPTNZG0CLIZRZGS7G29KG83GOUZAJ82,0SLNA05X0VM,RB7995R6QTKVC0WA7YUBVY4T0OMT8H7JT11KRRPURSB4SBM4VIJI0,OR9ZQVUNWWEYOO9DRCS3O0Y2I89,327957,12BU,G2OABEKPS9P20LV0137406UUSMUFSQQZ,ZLT3WSVQYFUU6A37JON70KF5ZO0LIU8KSAJBBI6QPHYO,SSDS47WC1LUQRRW3ZGYK1N0KIT7X74,J9HARV1P0S081W6KGIJQNSZ,TN8TV,9ESJGCI4R20OT180Q6UAKLRZBTL0O56GJR5QCX9R43X23B4MEOIGY,900.88,IFIP,GJR16F4XG02ZVQ5Q600NR934VE,KZ1BZZN23SOX4KP98HZQEUSE7IT79,A258,48PQC1CYKNL39YU64WVDZHOSUCGOOGK5FPH8HT,4854134,J5JQSEIE6J7Z35DQ0AX9Q,P2PQRRFOX,SDC5IBTRIX6KT95WN78QHMQ,1M5RM6FC5DCH3YU0LMD99KQEZ2I388ZZVP94I7F,2025-10-26 19:58:04.460141+00:00,YFTM8C1NXV4QRTQPH3ZSCLQ6A,BSQDCM73O8DB1GY8FTGPMU,E,85N6LE71UNNXH539MFT25YK64QAJE09NQ49WMFU2V3KV,E,DESC_13,T5DN1SKL7QS4M90H3,FVN6XZ651THFFXDAV86,6945279,L3HZ5BS60WVJ1X6EX,DESC_13,DESC_13,34VHNJ0LRCD8WOP2J28TSE0E68ZRNAGN5KK0VDKR8XNY0GWYYBH5CMJP,OELC1M1VP27JEOOYMEBX7AVSAVLWDPPPIDA80RCW95JZOSIZNE9SH,VWZ7CRH3RX1KFZKD4X6X,1613973,2921020,4548206,5WD5SQLQXBTLM5L6XS3MCBI80Q5NRCPUQQ2H6V8HY9VV6AE,2025-08-06 04:04:35.399026+00:00
"{""_dataos_run_mapper_id"": ""mock:redshift-inputs""}",COXX2,K6A22JP9G55GOEOGSDIFVUBJLI56ZEAZJJGLRKJV5BKHECF26FIR6M,ONELAKEHOUSE_14,CUSTOMER_14,752438,CUSTOMER_14,CGN7FTXO4LUE,VM33RIRYTWD0Q0YQWVUANNHI1KGIEGG6BDII0KSDWU5B7E9GDDQ7T5DE,ONESOURCEPLUS_14,5OGXEK5TVPZKD,YX00A7SMNQJVFSYPH,XSLRXN8Y5V6U1ADI6HUOTH659C8E,EM26IVD93QB10Q9OGKP8LHGA8M5V8S3771SN06MNMLO8H003CE,TH3YUH4EFBD21MKGBYVT7MDSG113DSC0NJ4G88C3ZVW45YFB9I4M,1QGDUEGMN666L52XMJ9R4VJFFDMGISX8E6QAV0XJIAEPN9,UL7I0Y8X2Q4KAHJTQK4JZHZMDY6W8IMFWY5HB,96QWSM60PIZUVZW2LWQCV2KS3CLULJ2HNWILY69OYP2PSSTQYH4SOLSGWT,WYNSW6GCFSJDB5A5LP0AP4CVFSC0MAYEE06EXZ4F,KQYA59LQ213C6R3YHIQEDB8CSV3A071XN4KSXA7DMYZTILFPLC,YAPF1PXH14GSYWYMX1PG8E3N5LW88JB1XWYBF2M1LCXG,ZQJFZ1DCU7,5975177,CYLQ562V37KIEBC31GZ5UIV6CRLAB4QK2QFROUUBI8D,PNHQ0P5J3P48QCGEUA36,NFKVP55E70VRMK1ED8WFMDMKS49H60QXWBOV,KBYWP,RU4C9ITER5JZ0H335,2GL7LCAU4AOFMK4XGKBEUH0W8WJOU390AEAISGXBWP08G2D4Q,RPTVE2461LBFCYNI1RQZEM71ZW2ABSZZ4BCE0JAYYJUBDL6QJNNC6,87.91,OOOCTFB5RMRFBU4GEVTI80IRKHUNR1EM7TCNGSK4TJHQRO3QOF3BA12,N1CA72TZ437SJ1H,54T,6ZDILMO8ZZRNX6QZRKFWPS9KD8X1RKN5M9TKFOYS173THLD4SZXJND11,ARDJ0VA2Q67KYMOKK3TH2LC75GZ9W3VTQKVPGY1J,1417656,84V4ZZR5GSXLN4HP4TF31Q4K0JK673JSAWVLDN005PFFZN,MCP7PSHCGXF7SI7Z9MS8GBVCRWC66RHIEES7NPES2RW7F1YBGUBB67J,CVX9KCM2N0PSCH4EP9OQVVZKO705E0XV4KE2CSGECDH88JTFPMXT4,9KPBQFPH6GE5S9DAD3ZP2827PKJBENJMIS23AIPTDDYVQEXAXG2KTFMJ,2025-06-06 13:11:38.372315+00:00,3M1C77TZ6NFEJU7U8G15GQHV60IPCXTCWJX,I4XKLKSMY8VPGI3HE7VQ7LNA0MG30KDRQ9YZMSAE7RA9FAFL7HVKJBN4,J,GIB7KRGI4UER02UP9CSUKETTQGUFRJYH18K,F,DESC_14,6KAZM0OXAL,HWTI,1086676,PNUKHRTJSEX796US86JRRAWYW3V9VWR8,DESC_14,DESC_14,AJNS5W0J6P55K1F55RYY1HA8RHS8K2QQT21AN0GVGM3GQ5LOTFXBFS5TPO,FRJBM6NCRP5UQBM6NV55AN539,ANPGXLIBLIV47LSOAQL8U5DUVZQ,3300916,1273876,5079607,WLMT9YI2SQ041IOICXAPO4HY5I8WSN5ZVLDRB4PLPY33F,2024-02-15 22:58:00.594367+00:00
"{""_dataos_run_mapper_id"": ""mock:redshift-inputs""}",N7SNB1VUY4OPL3IKTUYRQ8W3RS32C8A80EIG06R82,I4H2Q3E0H5KGJKV7HEYUF5BR3KG21NLTDTI9U72K7Q7VVOS0ZW5IOSITXVA,CUSTOMER_15,ADVANCEDSEARCH_15,701675,CUSTOMER_15,3PCPR,BVEOQ21BVUU2VKFX5CWT57MFWSLO,ONELAKEHOUSE_15,XAI7Z5QW59FR6KQW7CBSMPNP10K371C,A0UAV0UHPK57X4M05UR51GKCADQJLW72YZ00ELEP433EAJ7X6V2CY,72OOIGTUWMNMVGB8LGB7DWXVIGQY5MYD7Y4GL,HIO2TKKPD3PCEDZY,B6VMMMXRUS8ZD2LL2EGJ,0UHVPB61BA2NG60FGNOQ8D2AI60NC4H9HMD,EW7UK5M8MYY9L878H7OD85QNPLFI6SOG9HZ,S3K6WCPS82E84R,H6UAEN2WHMONHM1UUAGLBPO9HC7MARD6ZPLRCRXGDL4KB,2K72TTZ4588ZRS0C63LBYRF4IK9B4P1JXS96SDW5V329JA,S32CPY,JK135G8FOET4BIQWYV73K7P5EVOAVUG0BQVR390FSC7QX61B,9804179,QNI6JZYSXS3OSA9N6WYVJIG41,9IO66J2S5AMKGJS5LBJIXH1Z3RBY603774RF4QUF86WT745RPU5GHB3E671T,L2F9D4HXWAVWO3E4EK3T6P,CZQFOMWQJDSZW1498TYAL6AWSL4C1T9405Q3SE7RD1,U52CUQKG31W3B1XTUEOECWK01QZUZCG7E4ZS2OZ7JXN,82ZD7,4BWYNI9AVM92PM23L38JE0OVO,277.24,2MS0JRC4HXU13Y3E0WZSJBHXBX8SKS12Z5DVAMZNIUYB4A9T4GB,CV1CVGFZJOZ2ONB,K572HGJY,JX7V8S60QH9RQQTOX3YSG963XY8DJCMTQZWCUQBWQG,2KVGSMW2HWVOUMCDHF39TEZNNS12YSAM79GTVLL2SRSFE5BVDM,2777865,SJUEYO1600P4AW1K5VPHTIO1Z0MI0,1Z5ICH1TAMW,8MR6U0BKAQGEX6YMFSSUTKHXVYILC22E5JWIBS4R19RC480LXAI8PZ8LS,TWQJY633RG8J0PW672VP62CLS4CMA9A4F2CYRB92J1RH9B,2024-09-12 20:51:28.898775+00:00,9VHYA80EXKSF84ZAEATDD07S1MODI5X401T8INUMKJMIK591AVWAGPENJ,A9I86NMKHVIQW04UYDD51CJT4,N,RDSM38HIMRHYQ222Z3BK0NOP6NS30W1OUAV7G955PXSSWZWRHEHX,Y,DESC_15,3JPDLQVMZV6L63CZLM38LIEY85MD,RPEJ5K5QDL6O0MW584DDFWJAI5Y97KROXZ8RGNJO2V6OPEB03MI71JZ8,2414689,8ORPLQ23A,DESC_15,DESC_15,KBNPKKU81X,2SKNS4U,10URN,1350354,1284638,324310,IP5MLBANU7MS80GGG8JW9DK86I7W3ZPR3FG9,2025-02-12 11:44:31.065878+00:00
"{""_dataos_run_mapper_id"": ""mock:redshift-inputs""}",DG5,9305TJT2NWG3AVGYQCO3,ONELAKEHOUSE_16,CUSTOMER_16,802710,PRODUCT_16,1HKPEJL,KEMPDECQR4ZB6OSJK2EIZ88CX98ZFH6B2GUUV1NI53,PRODUCT_16,GMZOHRF0OEVPTRDKH,XMJISMX4FBDQ1341X6R8PF8MOCG8BFEOFJ,UWYBMQDKKYLXA2AGZV,7SQZFGCZ443IUE3J079S56QQ8K4NF8JZAJE9BB5S10OPMJG1R5B5L7M,F337SQ1BE,BBTU54AS5LWZY1VXZV3ZKRSZLZPSYEGLU67,OWYR4XII090H8566HSSVGFBB3BSR5CY,A5CSR29L6G9D813FD20QZQDD1AJW2E53XRTN3YLLL9EO6JTDO5DTCVY,4YXV2D,X0JE1X1Z8X9NQ7B27S5QX2BXKTCX5ZAD3BCTYL,4PQ970NAGNRH5QR3B6O2B6T35,SDANQ,3548936,ZEDLLGLGWZ57,1C7E5CWE,MAA7KQT9L10X2ESO3ZPWJFJREEI4J33WWA90USZUXNQM6,BNE0B93D76ABVHRFJ,9X9WOMIEXWGJYL8BWQXY7ITSG1CBY10AZGDAOQZQ5NEQB4GF,0U9HNDYK6WNWBQWX533MVMH5EQWH,TE23SK4MO9M1GCMNUI8YZP28MZP,425.53,RFR,VNSU,UCSY97QAMCLCKK1AL44155A9BM7B6J,K1K3,L72HDLZVHMDEQ2ILZI7H,5313550,PVDZEJHRLADV0L3B3QTUV3JXCROHV45QVCME,HNB6RWC2MVI11F4SNLJ07CNWIN5E4FB01G4AY0X2BFVRMKTJ,025RHQ0WIDKSJG5RZEBN0FS7UW3DVKSESBYSDXC,0IUATPDGCRH4THCZX5YSFWTKQDRWF0,2025-12-23 07:40:49.220712+00:00,RQ0MLA3TVH2996V6LIJPO16EQ3R4QUZP6NH2AI0QI00AO0GF6PT08KF3H,PF4Z5IIXMBU44KEKBO20LQ426S5ZP949WVNVCJ78WRJR,N,V5BBBK5CAIP4NJ7GVCMZTWH9HY4JDWP,N,DESC_16,R9T318OHN5Q17E1CC8KAIKYCB,ODMY9Q9X93W7IFUUQDDTBZABDSRZCWCZ6BNO5WUKM6H1,4622445,04PBCRLSXQOC,DESC_16,DESC_16,KSX63RYL1R,Q9HLIDK5K79QWPRGUFTM4ADNRZF8EPPFVVQ50J6U2L8R87NFITVJGN,4MQSSGU7S,8319063,3592789,4895986,4CRIS,2024-03-16 05:20:31.324818+00:00
"{""_dataos_run_mapper_id"": ""mock:redshift-inputs""}",DQYWEQJUQ6G4H69L9BJA8G13K8DVYKDTHONX8QJIHLG9I4NTEKG7OOIRIJ,6TVXXYJZUJ,ADVANCEDSEARCH_17,CUSTOMER_17,498128,PRODUCT_17,0T0WLC4KFOQCUI3QDHEWOTI0A1KHB4SMITWJPZC1SZ9LL0QBPJDUX,EHRTDSZ5BJ8L141WT11162N49Q9L8EL1BSNTU2W57CQEJTVI,ONELAKEHOUSE_17,HLV5DQDXKH85BXLT26ZRDY5S7U,BQS5BDHOJYSK0GWSOLIZZ60B7MLMEUPCWVGZ4A,Q4OZMGINDVM7XVDBQLNY6T5,9ZN7KIA1MN8JXSS30PXC3KR8GD3SMJR9D3MXPU03NAE2UDRECR9DGR,2A76G00OOEW1W6TUY6JVP0JK9ZSM9,QDWWOFMEZZ05WZO8AZ5R93Y6YB4FHN0Q9OHLZETFSS,DN5RB4K2M0LMEUEQHGBD3XMCRBCEWOG8NY9AUWSEXGS9JQYYBBKJ250MEYMV,X6W6FHBII,WFWWA,74QLV6TL1EYBXII37R1A9KG1LOP63CM6WWF652BCM3UTB1V,ZIBYJ9QWQ808G6T4ORN5FTEJM5,3F4UTNSK68RLV03C,883169,CSIKX9J,11LMA3PRLAOODZF8DN0G9TNJORCU4807RRGIA,6C1PME5A4V3OIGLAWDH04BRIRU8K1G28EIDJA0XIL5S0OQ6X67OJPZX16WR,2AXHZ0HTDNKYBXFMWXWFQYNLBB4F,A0T1K6YM2K7RR3Q4TEX51,D3C3XNFYQWJ8SWABF2WLWJ1RSVMOK1Y1,CV5CY59Q0KHCZGJ,971.60,8S7LWXW2JC8U4TOQGSHCLL8S5D8781EQVT82U00WYQ8GR0YGZ2ERI,VQJVR7Y3BEK4I58JDJUKX4E5UZ1PBWT441BFS02,8ZEL5429GPIBNU9JAS,XNG3V4KMGG441KO2ZG0Y1GARXCS9CA5WEV2Q9XKA0,3FF3JXSVKOEJ6G8W8746WOGYBB2M7CSLZWNUZ88PPKD50LMMHNVG9ETZ,4673808,LJJXYZHCXJY,VYRU1UJ5KL,F961ANODQ90TGIB7MGMKLWN7A9F7ZX4YUSNC,UA6BX7BDIQ1R9RTB78815GZ6LD2K3TS4N3XJ1A74V58HQ2B,2025-12-30 10:23:11.781613+00:00,MPYKEQ6NZGEB3ZFQMFS0ESEETJ3B23C3Z77U1I,927FBSEZP4ZY3HRQXUE9SHMD2I060IGRY91M8WEWBZ,1,4QHP6U6BNVMTI9QDNCUORZGPJ5LLALV3QKJAM9NO59O4L867DF9FHPQLRYR,C,DESC_17,L5GFZC01C71T0KRGJIZ28NTMQXHH1JV,CLRQXV5UT1,8373352,CTYC3THPF5C7SG527DTQKY9R122WC0GUBUUE1DWYCJ,DESC_17,DESC_17,BHG63Y8JNQAN6L5XO0D6IO,9O5HU2HMNNJ7WZ87BO,K6DW6YMDG80FTSB621AUDOJDGMGGR15CIT8S9QMBN40CZ3FCEWNDH13BCNRG,264416,713211,5424065,8BCBNLH4VAKNU9QXJ181YL3UYN2146,2024-08-26 04:05:15.252410+00:00
"{""_dataos_run_mapper_id"": ""mock:redshift-inputs""}",VWZ,7GJMY7OM4G5BPSGA9K0WY142ICQOVL9TNN17MP70065T5T3XUP6XSB0JH,PRODUCT_18,PRODUCT_18,229807,ONELAKEHOUSE_18,1GYE3OBMQVGQJWJKAFXI5QI,QZYXJ85KBJ1XFXEBDLQC0ATBK19K9DD0SW,ADVANCEDSEARCH_18,O11SCPZNU0,PG3F4Q59837S9N01K9OOXRJLO5VEP5AGNX5V227038ENG3S17L,V6ZWC3A3MGSWWPLO8FHPUFUU52M7M9FMR7F9ZKWUEOOA8L3,ZA4ZTE40XP,PX90MUXFQ28C4,ED191JW3BZFMKSQ8RVL6FAYX7W66RKNP,A6W6GQADVQ25LB9UA7VL35SKPGGC9VAIGLG79ZWVT7TDCVMQUY2N4LK,A1T5J,Q0B7QRM2ERK0IAU31Z2G1IGKICMJIT8YTJB235E21Z,EKWEORKH7GDI,UMJYD4NBFGL9YH2I93EBIDEMWE1K2EHDMYUTLNCS8,YP7V6,3348002,WMNDCB0EZ8X1B09XE55B5XGXGRTFC8OQUB8HC5V673YHLUU7GP,BCDGVMNU8LZA4H6N0C33LEH,S0ET5Y2OZIMHWMY9JZYA8SPX7HP9,SH2M0KHO70CN3M,QDWXHSO14EKM0LEKYRQLNMZYGQCBRCKKDG9C,IRP,7J4HFM87MGIGUV1R9PHQA3,947.04,JFFY25M87QSE3ACHH55R06LA7L60U0LT4Q1TK911P2VEXK,VU18HF30NPXLM0DBR80N0J78WYHYCSIGWZINMDEO8HI1F197NZCWKSZO9,NH9XF3FEZGNWLDYW57XUQVOTVFTKYZXR1JIL9DN0W23PIM,MMMJJ237,QXSDEZRP60S75B9MNEYEBQ3SDKLUPILYKZXRZAM19,9048184,3VCRO2F0WWVAM7C82WWOFCLTJ,0OI5O2RO7PTHP5XKX0JP1OCHRGC2CZW18SAJGPM3LTBSKDHTWKKA1,PAFLSH3IH8F03NHZCCGA5WZCN44D,KG1PI37F,2024-02-18 18:45:24.137010+00:00,XJJ911L438SVIHXG1VVD9MS19SRQC3KKNSTP,UNH5,H,WU9AYS6QH0RBGRELXM,0,DESC_18,PJ5NLFC3GNEM043ZBWG7I7SAFV14YBZ6MCV7ADYHEJT,EW8OYN6C1DOKIBSZ8NN0C3WR0L6468VC,9582839,GE7TSGER84NO5Z8T8178F0ASWNY94RQ55X9RDI9ZZW,DESC_18,DESC_18,FILR25L81YIWZILS7PTSYABXD7K9G27CX2RDYYEPAV,NXCEP7COHF4VFBNFI,V8PXX0Q76AAPSGNUEWX1SVWON8B311AY,7760644,3137304,7073008,SLPJ,2024-12-25 03:17:25.512244+00:00
"{""_dataos_run_mapper_id"": ""mock:redshift-inputs""}",MU93OX,7EASH7XBR466QI4SKQ,SGWS_19,PRODUCT_19,82390,CUSTOMER_19,92TOJV52IGNTDKLI3A2XTJNE3Q7RHEWRXA9ME03QC261,NVQZYJ38PPQO4GQNWX9ZZR6JEPYMQE4JPJZU4W9QQDG5RMSTXYI2V0ZKDT,ADVANCEDSEARCH_19,W6M4TK04NHGR4SX,XLA03OM31S3ZVENKJ2QVSC969OL2H2364E,RJIG1XS01ORDINWON8D86VE,JM1ZMIQTFBVRAK5ZVVMX4T,SC15KG37Y,GQWHB19NW1W2BCLAAGP2TNCQR1IQRWJ,423LMLPQYTDT1UB8M2IMLJX3Y,C8SDU9OXDUCNPTTG7,FB86PD97KNAEB27JUT1OI7F9R3KUCXY9Z5FCYV8THBR5IWU59ANMLQZIHKT0,6EXRQXT6WMT3I78F0YX9T3LCSJ,XB1FE9TS3DE2HH8IU272QM,4WT4T8BIBZFS37FM5FZOD1JHVF3A4W5GCWVR9CYB1XOEH92IX6QY1KBA,1941249,NJG44I6C5IPKUWBZK1VJDU5GQ5ZZS76V9IBGB,EL9SYPHIWVO,2DBA8XOPXZ50GVTP3OA4XYQ0XURN1G6IBLYB,D0MT2OEI6SJIW5XZ8KCYYJLADDXRU76Z04GHI4TUV27,0CDFSZSAS96SLVOIQR99GXJQR92,52NVPPLXO0N93XAPUMJVF6F84VU7I,VDDAZ5YLS5IA8ND47YKQS3IFXJV5CG8IUADVGM11ZIJ96Y,278.42,9M5W65PG9008ZQY0NL7VCT2WMRPMHDDZ8X3W9024Z5T,1O3KA9DRG00X4Q1PNNBFF7SHZY78PXQZSRRQ,R310IL0NNUPG895LOJ9ISBO0XJRCQZSOXTCZW,AYA9SLCAW55NM3OZAUX1I6Y88222PMN3NLVBY8YOBJ5N13,G943H8MBX8,721066,DNPVKGY5ILMDK7U75AU3ZEVJQJZCE48QDY3NKS,6CBTRREB,ZAR,2XSF8Q3CS5P7C3PVA3FNJW23PVE7LBDJLYCFNT8CLBGMTF796CZ,2024-09-16 15:28:35.059698+00:00,V5CJ4115GZ5GUXQYUNLZR1R4PI6U8EIP80QUXVZUWQF,1REVXHFVNZEP3AZJ4MO6WAEBAJTAEBCGB90GGBCQ,J,ECW9P1EUKX,H,DESC_19,I3IYL2WFWQHBLQQ7O07KYW8NPGEJM8M7VAIDHFAEYNE6OB8U98GPCBFXU7,26G6DIHP2V69HOANHTJX64EE1G6,7364220,KO5Z4RRI,DESC_19,DESC_19,L01B72AN0WIJ6KWO5Z4WL0ZL3I86FL15OWM40A246YCURD2COK,O0RMS81HO03RWY1SYZU00G8ZI1N5NRCYF2IS2BP,YABW001U3GSO1SURTH1B4,33643,3305530,7403793,CU0ZX9I4,2025-05-19 19:06:17.661478+00:00
"{""_dataos_run_mapper_id"": ""mock:redshift-inputs""}",N7R27MSXB6XAQMMTG119W3YWJYJCHDY3V2HGW,3U59W038,PRODUCT_20,CUSTOMER_20,586184,SGWS_20,FQUO6YMECLVWNQ78WA3YK89TAAX68W3XUSQOLLU2ADHY0SI49DZGTPWD299,RY8UFR7VO,CUSTOMER_20,AND59989BZEFETVU3PQ4K5BIWCOAKNQJXT0SUXZ0I4U9T29LXQ478FC05,GA93SV31XGJK5BREUJ1MN90TY1IKZCIH9P4SU3W0PBT3NTD8WGJKTNFKWVJ,V3SBRDS46M92I2KDWMSEOPDR78HCDJZXWSF3UT,AGJIGGO803ETR8VLJJYZX8HW0VO2NL1Q1EK3,9Z9D,1QSW51FH836OKQTD455LQ0HWDM5TTL2UBTBE3EOIK6J4ESZL26ZKB2P8RV,FAFZTOXSGQPGVJQGIGLWC41X37VTYN7QO1UBCBDH,XSA7GLKC57KABU29Y20V5BEX8I23BQ0NH3EEFUFT0T5L9,1MLKD08FP0,GO2KITG0WELNL8IN14Q5QC0MQKSTCSVJTM5TWO1S3TFCGJW,BYTU6ZQH6HTGZQ,9STSPIIX87MDTVURUGKL82DV9YPSYMLME7QAFGU1CS3VHBMI8QD19JOFXAW,9692743,ONV9S9CA7B3GG9KWUF,VC55GRSLV66F5EZNVBAVIS9T4V,YOADQZ,FLB72W1,CN4GT3XVIRXBVCJNZSVSMOPP1,AP7PAD92ND7S41TN1QBVL4YBXPXS5WBOD,EGBE2Z9OJA1OF6U9T01A6VQ6JKMGY8AT23TH1A62Q4CP5LA7ZA,747.88,KA7BH92MUDOT5ICQLADEF0V2UJVEDQ43TJ8MEED80LB,HRQTVWLNR4IQ73UW5T0K57NDRFBGMNKC3TKOS,C3WMPGGGLSJDEU7ANS4HE8LX74114VNSYJN4VGJE,G188LND578KUIDD,UH3HQU7TJW0XR6RWI9ZES4FNN799729TW91DFYHMUTKS6CX6H99JI3JIO,8523044,9GTG5MWTZSWP7P6IX46JWKQ7SCX03IBCY6M1M7APVRCI,R3FABOV8W2SQ7ZUS4MLC09JYDFX8KS3BB9471CX0Z272F454IFXZ7NRMYXTK,U9GENLITX6F88AN5,IDCPZ0P17BUQ4W3GOUOMIMMEGWRAIQBB9S3Y53UO9JN4,2024-09-29 01:10:28.030167+00:00,53IR3WJLXBNL0V89XG7U70R84X5S8R06GAC7JLJ7RNC0A3Z39CWAEGP,Q8M0D10UMFJHYN02V9,S,9OMJ66D2O17H661OB3BXPUUZYXUAWLR9CB1SN5,N,DESC_20,GNW0E5DU,783980L4MF4Q77SJUGD7R2R4JPIMSMT74BNKXBRXBTJ7JTSRDXCQFQ1JM3VO,7877759,LJ8JO8,DESC_20,DESC_20,7K18PPCPFHBJ2RC7LN18AK12KYMWV,GTCGGDS5A1EFCNXCY54ATTSFWTRZXBENF9A9OBRI5F7BDZ1PUIIN3E3KGB4,ZQ37V6V8N0Z155W63QY8B5DGAX36EM6ERKPA8F7CORG04XMA00ZZIMN5JP,7228971,9049145,2179294,U7BSPPNLDUPA7DFKRLSR43NN50R6WVFHV,2025-07-28 20:49:42.718561+00:00
"{""_dataos_run_mapper_id"": ""mock:redshift-inputs""}",FGUMLCCA0ICE4CRI1V8QTH58SQGDENH0IZ7GOKAQ,R4VINP7F5TXUHFA789577TPFTSQC6Y5Y48M4GJKMBBQVQXTHSV3RLCFU,ONELAKEHOUSE_21,PRODUCT_21,991569,PRODUCT_21,ZCXHRLAPMLGKZ06KNFB6TLQP0768D3RJUAMDOV2OMV,MAGR1Z9OU886GDLE,ADVANCEDSEARCH_21,K7HQTA,TPR17GDH6W,S32R2B5PSA0KNADFMXQQS0R,XD5ELUWIX4MH2C6HV3QI6GCKTD5LAIR4VYV3,QJ0QLQPDVZ9XJMU,5YFKRF4BHR0DVQEPQY9L19B,J70AZZ0RL2RGXSMJR5L7W1BNNGWEL1SCNCE3VXHD9G,ZGHEN3,K2R0ZU4ZPR6DN0UYWLO1QAXOV6TVOZNCMK2G2LL884S,W13220AIJ9LFWDNDFZ4PR4SE4Z7GHPQ,JWNAA1UVOKXD9AIIH3E,VWSGS18SZW50NLV0KA4CNOLQ702OMJAJ3,8195594,9F3F8HL3C860J8R1ID50WUWQMYK6OIK6JXO9V50Z513XHN8UF,AT838FSPO8K4IXOD161RI0D81NKGEX0GDQ9,G67MOO02WW3QXAYFUTCVEHAOAEFOFTJNO8Q5RL168ZFTMPC6GZ,8OODAHS0U8EJGG1MVV,NK18Y4O5EIAI8K9EP4AIFFRBSRKY35KFBUEIHE80VVEVGRBZUWETOX7C,KNCQ7V7LF97ZKIXAS4USYGL6CCEL0WZA0J934TOOQNB7YMA,W99H4R5AB5Z178P3644GVXXBLBSOOHNMU34F2YOWXDJ6L6EDIR,536.91,KU2B4DL156586BQL9L8K79W6NZOJU3ZFWL,ZW8OTORJ76N302RE,IG6FF4S9LZH6S6BSZ6ITKVIRTTEFCO8FLGT8CK,WFH296Y7U0N5XTV6NA8LDYPSCVPDQ76RL962M55UQJ1DPJ,1WMR76NFYTC848S5YMSYZEAZ,260179,WZDE6X6BAW3KOEXCXZ9U4NEPPQI50TGUBSM0UEAV,PQZVV4C905YZ5RJPQSRLWI7EXDZE4QU3IEC3Y,NZDZQI4UCES62UJSEGCVM1RA5AUA4D4REI0RGAHFDAD,JULXYQ252TNJ5FRZ,2024-11-07 22:21:00.525180+00:00,8XP5J685QYKC8V9T9HWKS7OGJQ26EWIGWAV64S,E8JX1FPNFUQ6R4SYWA,J,CG2C8HLJ3YWN1BOTE,N,DESC_21,96TQT38B5ASG8L1N2PJY,5DWTHBBZRBEXC,3659567,LDR80QJ1R5LONX7SH20BIA89LZFDJF4,DESC_21,DESC_21,VT09MRF8X7FOJO,U5XYCISN6VPQTFL8JYALFEFARO9O2TINMN4391NWGJT43V9I6T,4DYX7PFYEGUIP4JFO2VK26VMA4ZIQNIWVY8M0SDJPCYXJ4IBB,647643,5515738,9308427,KUVZT1NQ0WBSYKVS7VJ8L4,2025-10-03 06:32:20.029007+00:00
"{""_dataos_run_mapper_id"": ""mock:redshift-inputs""}",C4YJWZA0V4WP34TC7AX4J874FIGQ3D2HVEYAX1YFE40F5Z23BZKQG4P3AK,S9HYH7YZ7KZS56PY70130ATSUR493,ONELAKEHOUSE_22,ADVANCEDSEARCH_22,468288,CUSTOMER_22,XQPABNECCY9GP5OXE9IFENG,NDGIJ64J40IXEWE51TAJ0DTODVU7KZJJPFLMRFR1HMNKO5ZDLMBBVPUAM,SGWS_22,2CQ01CCT4F44W9HTUR9SQFQA623R0SAYUUZE89F46N7YPA4XQ,EHF46JJEFNUVN14X,QFPA79L104SNS9M7DP81SLG2820JYVAY47LJLFJ6V656DW5XY,R4PL5DM08IR6DW67A55KOBMJC6IMI0J978O8ZJ0XG3,GN3SEEGF2KOLX10SGB592V0GMMBVLE810HGM0KXAUS,XS4PV6JK80FHBPCPKAO5GN1PU2Q1TOWMT6,VVHMGDSZATE2S5KJMR8DYYE3B8ORL,8SFBWLFYRA099V39SRC,JVEUJ1ZFM642PI72ZTU8YJL27FVOT0R0NOSUJN4I9RK0X,0O2S74D96UK55,MMPKE9MU,FTZFX93J4C0OMVSBXD20ZSBJVI3SFH,6338833,PRDPWKVXARNJNRR54L8SGM7KKB5Y3ZE7MYC5WSB81JXHUF,1GKM39CFGJBP6UR8OWU3J49NZ3OE62G3V66KODOX7EM,47O7YH,SPRNHYRPF9OAUS61EIFIEW1WQ868O,L0FC5PMRXKNWBQKW1VSS1P5741JFFVY4QS6KRF9VNJ,0KXF6YP27SBWPABN5DAD4DFARRU0UIM6ON7X8H,Q7O6RWHJCNFPPJ194AMMTS71XVSH7,937.13,8PWB31VMJDOCEXBI2C5VUS0,12M3PB86DKXUJ2BDAFWAU44CLT230IX000MO9HV,G6I18FMVC7QC0I4M4KT793JYWNBKCJ,TKBWLZFXW4S16ZYFLCF8HFNUSF7A2T8770BS3KTLCQB,POPXWCYHFB9DC6HPTZUEYHFCJ0880IAHTAOVRIIZPIQ9ZAOT77VEUHN6TQZ,7805454,Y5AHW2186I3T85188ZO3ZRL326XIH4TUKZ6M6N1A6IU4JYW,YG6U3A8HHE7022KSD1J,SSD7PISK,BRUNUUEZGKM83CCMUAVT7S,2024-03-26 19:25:39.397843+00:00,5GFBD7VH6,GAXA749K6QWGJ7VUJNBZ5,C,BUTLAX7ZRYA3FUZVBM253A87QFJ7CAYV88X7S7L8LFNH93H,F,DESC_22,PNVJ26Q1RY0VA3QAL5ZD3XI9J32LFJ58GW,LRZG0XYN9ZGYVAOCBBHLAM9U0PCR8OO141H8ZSV8IRG7X14Z5YS87Y1QS,7007037,RNDEDPI5F1FOBISUJ85X,DESC_22,DESC_22,GLBUBTXM99ERNHZPNOXGUF6B5S5LIYBLBS0LO0E,FBGILLGJUMEBYBUY6G5VUMGLPZYIIOPY,JT6MABPRLG3XA0VUPA98GX9W1SPG9XN9N5PGMOVZZW2ZUWIHH0,5743390,7383715,7677833,40M7TQW66ABE2Y8MR4E22XDCPJKNZP19W8G9IKUR458UTX5DJR441NW,2024-11-27 19:09:41.342617+00:00
"{""_dataos_run_mapper_id"": ""mock:redshift-inputs""}",PTRTB0D39B82I795PTZKCD8SAFRHSOZ1IT7G7OR2R1VMJOVVCUIL6YSFYRC,N1YEIH,ONESOURCEPLUS_23,PRODUCT_23,69157,ONESOURCEPLUS_23,5V4E6FL7LMHUC09FUY114DQY5W2MJGJI8GL4SFJFRZR5L0XJOYITZG,1ETW2W9Z9,PRODUCT_23,D9XTUFD23,F8YRPGC9HYX3OLWR3U5HFP1U970YGPRQJMYMU,632K714DZWJ8WAC,7E69XLK3TB3EI8XIIAMWWXWS9FR102ORXHYXJ7YUHQXCT4MVHUSZ,936,P4L9PDLBOTDSHELZOULSRHV7LMR46V9CLTX79H4JJ1CPHWR,6U8VVHYKYN4PEAD0RCQWLWNIUC6GE7DQ7RKE0DSH5YYCLT4T1SU1W7OSP9GO,4J0CAJE6D2LURU74AZTLD4V7K4KR1BQOJS7PSSRDDN,EIGR0UILKB5OQXVGR5DQW,27EW,0J73M80Q6XA261QP,D0JFOCTPW81JH7P2AU3TBLEQZXRLWSKTUCUCU6SM69T5M,9265148,TLUMPKV02WLR41RWZYIQDK05F96ITA85OTCDJ7KSX8BV3K,REXOAZ1NYSZ0MELW34PALEJM7,FTQY29Y86U8K59LHZCFZTEHRKFJ8CFO,WD0QJUMI18PITBPFGYUJHKFVEE75F5PC5ZRFPUXOS73T6NVBQM,47XE7N8Q53IA4V3IM87JCTF5Y4Q,HUC0470ZTPK2LONL2EHZTY3SDSIWKYRLGZ6DZACVTLI8H1IY6JQIU7X,VWRXEO4YMH5YNQSF449V2K0ALZ,511.18,905E0LX46JFLUAEI3ZQ6KYVELJKWD7ZJ36YPT7SUHTFQU4KE5CW5WWB,6XKGVTO2X4O0WQIHMN8W6V1Z9Z3ENUR17BB9VWJ2,TN9MRDBUWE,7U4D3VC065GS6NY5,290301QV5SYLZT027AJFTM3ZC79PC5GKJU35BGIFWSR28GD7R,7376779,5TIOZY9H1I90GEOY53VAI0DP39CWL7MBVBBYLLAEZMTTDLKOEP2KY2H7CI,ZHDCUJGAAHZZRXFLC2O,GIDSX5DK80UBQSUZDZKJ4OUSYL8G55C,08DRRN1ITIH10T5NFY0B2WRTBQ6CNPJI,2026-01-02 13:47:59.547027+00:00,WSTLUD60WZHS9AMQ4B,V7OZ,S,4Y1S0F7LEYLIN5BN13YC38EUADW,F,DESC_23,I6DXRH7BGPBTGXMKXU2KFIOBGCEDQZ0P6D96BFF7RHNK782FWS,P9H7OQPVUXVNI590OI689VDA76J,4338265,ESHMJ,DESC_23,DESC_23,AK7UTDKLAVDFC94177S5GBRQTF,YEY0MZAWOV4Z5ZHUGG7JHNWMFS,VO62X08IOWG8GIUB1TTBJNO2RL2FO8L3UQ,7294216,4726969,7024166,EVKDGCUTVFDAFU6A7V,2025-05-10 05:06:44.190455+00:00
"{""_dataos_run_mapper_id"": ""mock:redshift-inputs""}",NJEGJTY88J9QCHVLGG2I8X8729TRXHNJIEOXQD,SZB0C5N8YXRNM83VTKU6YKZE,ONESOURCEPLUS_24,SGWS_24,836601,CUSTOMER_24,EAGJEB8AZJB,WHF93YGVT906SGM5KGW5XPCC61MKVFZK,PRODUCT_24,Z6BCWGU5Z59G3HOQ3WMEM43YST1989JFDQ5WREYHGA6UBS1H60CZK0T3AKV,FOTYFBP27O5K41LQ01V4O5ER96OZC73DIFIBWM6F,9FGMYO4DLWYUCVEIS0OW79QGQQZQMT374YLEX2GX5JLT3,WRCDCWH7I3X3JXG,DQ9YE9X2S43SN223IBC5KSKWZMMMQFZGG1,EL48NAFM2OSK9WTIMALLURP9KNVRV5OGO1C0,YNB9WYYEPCFEQBK3X1KZ0QZZV41CE4E2PJX65LY2RJLVFU4QECU0Q,C8P34MG74B0O1IXG2QVBTVN7NU08UAALNWQJ2QSSLW,ODB77WFDVCF,R7OQSIN0YHLFCJHJ0YNLDU2ABYZXJWNYRWVE4RGRM03KWU5,B9XOTDRO6Z4ZJHBRDT0G8V2FCQZ18Q1SH710LDR7ZY7X5XNVI,UC5AFTSR90SBW815TUMJIDBJZLFU973ZZG,9917940,8U2CZ2QV96EPQX9J16KYF7SIVP0G0HP4X0CD481JZLMWMHI,H6WBX7581OU3KG9M9NKDRNKSMJRMYNV9,75XVOGGGWO,PZJOWW898LUZM8SK9S,72BRSN9GQN92RYLA1XOLXG3ZR17NW8N3ET2GWR19LIIGEKYV0914MZ35,3W81YS,6CNKNHJEGJR19Y5DXRZARCA99YG,228.13,6IIHSRRFH4D10YD7I4BNRVT9F7R8VMBHOG8WBCIZ,SA3YBUF9LGRJM7P6TD2S6MBYJ93J6D8EMJPR6UC80KKX,HALHEOT,COOOFJ61AC323Y,YZB4AENC91SMKL9FBEZEJFBSND257AGMJN21PL0XR,1951298,TT67HAULEQJSSEVAKVU4P7CXL8YBLZJR909H,SH3I4RX552SXYLMCRH1A0170E773YZDT848VSX1R9CTWA1YLCE4N,TYZENBE85VQJ7CBXJNYYOTJOS5NYQ7WTEYDOSV93IB9BF58QU,0FNK7WQGT35LF2H0YUHJC8ZVKKL9I4V8AID5LAW3YMR,2025-02-21 21:20:08.015190+00:00,D8OF55G35UDIJMJ,FZT7SSL80BEPFIFAU1KLFGGM31CPFNNHY,S,5WDLLEJXWCJO2LYE0ODJEBLA7ZBDFLD,I,DESC_24,0NYOHJKUK0SQYEXK0Y5XFV2RQ1QJNKVN0K861ZPVFZAH,2J60,3260787,BV7FQPGLZVP6KPJNIDRAGM7,DESC_24,DESC_24,0REUCNG6ASPVBD6NN0UCUQUCNH8GKF4OYN9UVK,9AS5K0VYGA5D93S65597SB0PR5D1IRRCADI,TVIOKAQTRNQSA,9914908,4455857,2264148,5HW5RINVHDQ9QBPWBRJUY4Z7BP6VRVUWHDFCQA3549EG9CM,2025-06-07 16:32:07.776187+00:00
"{""_dataos_run_mapper_id"": ""mock:redshift-inputs""}",Y51V2RPO227XCPZSM4Q5J1K7TWBRMPWVSW746B0IKFKK2NY0AZZWO03B5URC,DHT1X75O594L7QHJEYTANLX68JWRH30KRDECMHQ,PRODUCT_25,ONELAKEHOUSE_25,586184,SGWS_25,1AR5ETPU2RI047XK,IBRGU8CBLDNH5IELVUK9QSSACTQPQKR3W6YZANXT31SZP1QNUIE1N8N8IP9,ADVANCEDSEARCH_25,L6KKM8MO6A70K374DPNTGU0P,4YNLG8NUPS6GYKJR2LEH854AQXW5O0LJ6FGT314XMPLKWJJNITDPGMFA,7HXV7MH8A37DAICIQ0Z89YHYDW86TULE8FN7MEM48SURLWJ,TTOJ6PJ3301VRCR26CZYPQ5PU64BPTT8LIYFL1Z,DKTRK6B2Z2TBTLHXVXKDAYT0RPI9BSO5UKAJWT5DY,ZZQRTDZ4WZJX7F1FNXMVS6CP8,OLBMHU,P9Q5FRHG0PUCR98WXFOCKO6CWB,6RUAV5SQ6,4ATZ488WONK39NZTQXD06JAT,Z5F8ADG2EUHGMW40UN0R6F1YUN3XYRLBRXKZWSQNRJPZ3LYF,K34OXK8FRJTWQX6BQLAAFB4HFXF8VQDE,3717670,XV7CTM83M3082IR2OGLX6ULCHC5POK83,7K9XR0VNP9XS3POOXJGP6B7V0G45S9DXWM6,MCTQOY0N2QCF8MD04AFDD2KX4M6RCCLMO53HLI6M3HB,DL4KHDZLFENRA7QQFLXJDIMVL5U6FPIKZOZEH0,I8LD32I9QRX8CHWK6QTQ8Y7E4P,TB0TKINK75CSCNJCBJYEW392PRC7V9J4A20TFA8NXTKD3IGOL8JQXCRTZL7,S5BUMLS3TQG35FRD,123.15,YQBUN5Z08N70IFFE7081M810UY,6OW3SFDL1BQ9,EI9OSCFYBU8C8X82B49ZZMNN251V19P,N7MKLQVFCZZE,I7DJEE7KO,3341305,Z048USOKXPRTOZR0UFWRN71WLIT2FSH4PD0M84C53RPLNF,8IHBLCSN3POQA3RR,NXC6P6LEPWCC8PZWMGXQKUJ18XAKGWTH5HG1L8M57P8TOZS5KXI6NE,B502WKF7M,2025-04-22 01:17:09.718339+00:00,RYIMYHAI8LCVDQP4EZ,IJH,C,8CMZMUSOA4GM49VU0YINB67DP9WR7ZSWY3RLULIMCAM,N,DESC_25,WGTCJ0,JKYI4KGSB5WY908YU2UIPD1IE1,2484888,TZEYKJFLS6EZ6CJRB2FDSZLHE8H01NIT7NGX5WX4074OAC5RPR15SN7GZU,DESC_25,DESC_25,LVP2Y4,4NQJ6NMLPUA0D2A6MSL,KBZR9COC0ZRORAVCEKJQ3CVBWOA0FEI622CM,50930,6295998,7494349,XHJ9G0ZU3EM00TU01MZ0466XKSEFZV7UYR1114M6WVV5BG7H3QQY4WBGFDHU,2025-10-15 05:09:50.571444+00:00
"{""_dataos_run_mapper_id"": ""mock:redshift-inputs""}",F13W5G5RX60GP6IULXMZO6T,WKY5W3CE0M,ADVANCEDSEARCH_26,PRODUCT_26,284051,ONELAKEHOUSE_26,GXCYQZRJP6V9GI6E3ZIK3ETACE,N3UN7373,ADVANCEDSEARCH_26,OPW21D,I0UKSZC5GWMAX,JBSY7CJPNPSTE2RI9XISQVIQGSUA23Z58VOET9UKZ1RZDJH,BJJ6FEI44IQKJ7CHL2954DKG9T2HCX4U,KC0H7TX8,IBXBX2XY6BHBM0AOC3GV9N,YFEHA2DJX2PTI6L,4BW4PE8YIAJKWYIUNS8LJ7PMEIQKZFMI5BPAJF81GEGOM9QDNE8EGM4,EFIWOAO88GBSHGXFB229YPK2CTBO,VARBZWCPQX85U2PXJWDJCJHIN0LVVCC01F88AGBNV4YI307QXEE9I3M6GQC,AWPALNTA6PBBGQSXCOJXA5FCFVMXGORRWGVG8XWK8OZJ7BI,0FQC7SIDAN35A5AN200ZJK91QLIQ848GOJZOAEBW0JIN239AJTM8WVEN,5619339,AX5NAIB3K7EXXSS0NI4A9S9F,HW2NNTEN0,6UG4JJ09CBLKIVFIOC060HRKZ3NQI25EMFEC5BWLERYGUSCOPZXEF,SGDVNWEPCHNWAA50TFKLLEY418ITF9B29D7ZK1YCM4TFKE5SCY6YKF,V88PZXIGBOGWKAL5VC56Q4LDXBZPQEM9KHYECHYHFZGS2QP96,AREZ8MEH5ENH5GH51THD7WLTBOW5J70ZUGUWA2FQFNBYGECBRL3DTG,CIFTECZJZ6W4CYHXST2FSFMMJXABKV,377.47,ALBOIVP1LMV0L9AGUIGZZORQCKQ7YKVNYP8OERNSN5V7B1UQ24U62,SP2JSOCAGC1IRPVZXGWLNWXW3,226CLX8YI3XCRAYQSUUXQAG6SIRBJIDIL,8V5VLPHLSCCFH7RO5BKA8NGR5V0QKGMQ5Z5VJIR,6FRCHLTDJW,9010579,203GL0SZGFGDXK3R0M29AT4F88BEQVMCFAU1EBHC6XT2X2C532XWD,65OALJ9SE6KS5XGL0UL20IL4J21QC17CIRD,JKIW9CL5SYEWIGBHHLF369GP0ONHHXKB9SWXNOWG1SLGS80U4,1M5JO33A499FU4UMV3ABVVBMSMM6T9LYX8EQCZ,2025-11-03 05:42:00.274641+00:00,PMMW98DVELV6V7QQHHFCN,7X9PINXBRZMEM6,S,569N290RZA636R54A6GHR5LHQ,A,DESC_26,CCRHOI4Y3JAG4EPTHKAYT1RYC6ASRGE7H4E6TGTJRKE00T32TT41TBEI,SHTGVVZQ28G0LX0AEB94UEDYX00Q8RF1V9WRTWHWRLWZ9V5,1189647,FY2E3I8VKAN9X5MASJU1BMG448EWI7H06UFKYUOS5PHF8E39HP6JJHF,DESC_26,DESC_26,5ZGH9OOZ7OGDPRTG9R3A1G76XTHNRJK5,I1BE0SD2J,SACZM4B7LE4OQXJEF7YLH87PU8873RPVICCPG,8386301,5204256,4952523,PAT44N0TDLXCVZWXF9QS8J8M1U3TONM9QKNC6R9SS4UH5XO,2024-02-18 21:47:12.318474+00:00
"{""_dataos_run_mapper_id"": ""mock:redshift-inputs""}",MOKWY7S93V8QN,FUAHUMSD4DX5KVB3UVW0PJA7PAR10L00HU1IF0H2B6462B7FYJJU,PRODUCT_27,CUSTOMER_27,325646,PRODUCT_27,HU4G87T2C,BPH1SHWFTU9PGOEET86DR3ZMQ3G9SN1WLD2BSGN9KVJVAGCSJV57MVUYK,ADVANCEDSEARCH_27,1YR8XY5WX0N,JV5XB3J9QV05SPPPYL05,L8R77CUCNKX0CKVTQ9RCWM4YYVL7C4QX6,3ZQLAFBA9W4SXER4TOMNPPFTN0027Z95Q4P2HELMCKFT7Z8AF23TPZCE7S3,I174N3Z6COWIFNALJG798SV818DNOAOTOQK9RC7B,CPULMC8T03JMKHQRCUXAWQVO47CU,OSWETDUORSUGQW8D2P59CPQWMODU9TIHGVDZJ,T32PXH5JVLWBLEULM52RQBZ8MHU2TVG,9RXCE1EII88MTMADC,T2BNFBR9E9O8K6QMKFV0KLIVILIU5O2U210A0E8LDTUTEX44U1MW47XUG,H9TPU5YJQ35HBBVRDNFRLBR37YQZH6T1JIYJCMEIEER9DC33V437M7R5PWWQ,7F7CC9HVOJXZ22B4EAKSPV94YC5S9V2OMB5T7HRU7FLN,9178505,7HTLWKN1V2KB0K7PVXCMUWOJ0Y5NFPMVVX0XRKF3RB5QQA96JE,HOCSFFWNOCCFE2KBFOPU4C0NER04ZG6E7AC1PZL,QWY6XYB,K6TARLD3C2P3S9,R3LTIYD9IUQCF103W4EKQ8A59YX51LKC6S2SEJZVYUSP1L,HI78CHWR66ZPN9BZ,S4CDS1A4PLYS,805.24,QH9FEXC5BYOUSXD5JA1CH3UI92GL4YP6LCQJY5R1NEPJF9BRD998,62UJXOFGVIHIF6,PK2ECMKKXKE3I8O4KLAU1ZDD3AT8INXD3LRUEBR,1O6E3CVVU1C20FV96WS,1RXH35BOGFZ5PENVGFUYQUE3PADPWGOJJR,8593649,QD3UQ,MBV9NNSBQVWQF6YRYIL3CNIPLBGYII0KIMGMX3HJV9NZX2334L1KDHDRP,B38BC0CL,NYCJP6NS,2025-11-26 19:25:32.370960+00:00,H44JJIKJH55Q2E3H,9CW1GJ9HA567P2PD5Q,Y,U2DGLIYBHUYDJ3B78JE1U3SJLSZLLY1H3XO22COXSOXLEYKSO9U2YA8E,F,DESC_27,RY17GTQZK1LN2HOM6264BE4YDDT8M34X4UHQQ8CGV5KBBUTI0Z7,C85QR3LEILV,757542,PM1JT0W0ZRAHI1U7HQFGSUI,DESC_27,DESC_27,1L8D3KD7217VD6YJ8EVA91UZGQ3NNGF7BM14GRQ7ODCK6L8F0L2LB16,6OHPCURG2YX3KMFQZ3JZP6YIUIXHJB2W6ITL0HASL83MP105QBTEY5X,5E89A5YB0H0Z3UI3W7CGJXPJ19OPJJVLXF0ZDRTNEX1P9,370618,4336392,8304020,8E1BOHXOX2VET0N0YTS,2025-02-08 08:01:37.176360+00:00
"{""_dataos_run_mapper_id"": ""mock:redshift-inputs""}",6OSCMI7KUWHYKHUG4K9SU4P5F9GLMXCPSHXUQNEOOGRVL,Z1FZ09VQJNHAJ56TRCWXGF001QGDV688I64W7OW7ZUBXTI84I2WITIQAF8K4,CUSTOMER_28,ADVANCEDSEARCH_28,299420,PRODUCT_28,X2EKFFV9J1AR9A7TQPIXZ2NTD9RG3CO6AR4HV6I,D27HWZ1MVL6R,ONELAKEHOUSE_28,VZ35WABMHYFXS13XIYFGE5IFHIEHW0K2FVO052HU3FXNMCV,FBEBCVTRRI97SL11RQ2W95SF8HQF6556QE19QIE,P8MT1CZCOI5MLRDT59PO1JYU657WAEGO9ZYZU2,JTJ5Y1TN8I57GMWQ8VUO9GAO1LOKD0NTR9O9TSIS1JWJKUN1H9,P95CCUUI6HYZT143PO3FSCS8B1P7,9PEFKV7V1,5OT1BY50BK1AFSY8XD3XTQH4AZTS559R3ONEZNG79I,P1I7PZ9VFTR4PAKZ,FPKCWHP3JRTNEWTFQ9HODC3KEXQ3L,H4H475CL9K4CERL54KINO7YQE39TUS8ZC7CVVQPU9E6,47FHZKGK8UAD51WRGUXGUONDB,KGK8XLPWM47OC82WYJ,5049796,AFDWCVGZB8WSCKWECIJZPH5AZZZEOWAFCOLZ9BC2SSFB5Y,JJ8ZV9HKWISKHBK7AYCR1NX6UOW22188BD6W4Y59SH73M617ZE10P7MI0,VVH2XOZPLH07G8FZ8L21MX0MJRAOMU36M4TVWF30VVTTFCB2P,E59E9TWVTC0ZHTUQAKNQRDQLYZS7NA0XTLHGX12IA0P90SMAI,7CC,ZZ0Z5IAPHN95KZ36P9K2V25OP36QX4F53ULCB3DGVX9GFP8Z,K1SNN12UVFSD9K3,839.35,4RMM9I26K5880,XAI939QU4GHMCS1UYUVJCSQQADZ7LJEN485HA4VPORQNRLN1L9,XF82VKJ5989IAYJ8L63WIM85,W9Z74FMQPNNEAILPKUSC2MUCUHAEEAYQX,KS5KQ6XXG0KG4N8AGS4JG4PPTDXVVLLAFYOOUQP1HRI92ZV,5585800,QECR5IL64TC5TD9K76Y4JJR22X4R41KZ4DUPUP663AEIY6EOUTM,0AQSW5R8NUMVRSS,ZRD27O3XUJ4Z8VEBI82H4I1E3W,CNG3H6E0I3AWTY,2024-09-20 11:17:02.336536+00:00,CZZ6PGYNZWA8Y9GKO5KU33SE0QYLFU7DPDHE3Y8D9CA6NQN5,I7IOB6FS5V9LCZYRH3HVBU3FCT43V7J,C,NGXWO32PVT6D68O3ODQ187O91D4PR2BI,S,DESC_28,Z4ZG69A910HI5MFKLMI9RC8735SG,POAU1BBT5GDAL7OQ4ARFB3Q34VZTLE005L26,3855464,5DBR8TN45VK8XHAEYRWYGQS2H9AOTC8J874P03PD9T9M9HFZXS,DESC_28,DESC_28,UPNEVIFNYQHWRKKUKZU2XI7BE52MK1WK6,8RBDQD3BSOZR201AD9CGCPF6X4DKXVOYI7,3GRBSIAQENGF,8094742,5400164,7996315,CBQI2W73FG3ZIKKPG5PFUWT2R5Q028U1OPM2UUBPLGHEIJJTH8W,2025-05-12 06:27:28.197620+00:00
"{""_dataos_run_mapper_id"": ""mock:redshift-inputs""}",TH12LI4WZYOVIRT339P8DXAXFQ05MWL57995T99JIVDQVP2TZ260TXJ,MR2M0IUU,ONESOURCEPLUS_29,CUSTOMER_29,368188,ONELAKEHOUSE_29,25R7CTA1UFVOJFB4CD63VMAQYCW6EJXSNVBWRVU7V06RY,81R,CUSTOMER_29,FN88NY1HQ428FLLFHMWVU8SHYE,TKLOL7SEEIURY5UNY6VR5,6WE7B8BVAEE6FU5VL5X9IQWF0D5S9MY3TB8SBRAD,UT5RSR7AEHHCBB9R3DMC,GM5HE7XCSU6SBELM,538QGVOR7SDMTF8K98ZP37WJD0TECM6CC6URTISDAOR7OMZS,H0KYQAC8F4KX0KYAU84EYDK5X4W4,0LGNRH87WJ,4JDEPYOS17QB1PZA8FOA78UHRMRVJU,VG69JX1BX8R2GO99WCCIGNO1E,JRP2FC74VVOLIGFA9FIUHUKNUK1APWWHO1J253KMASJI8F8YQ,5LIYB0JX19SSK4D81Q5BMIBD0OAMP4GAL33OSU92ZJXONF1OL4176,9211816,Y9YMTB2LQZVH9OKWPYZU8YP5X6I0WI9MTVO46Q6EY,CDMA4V2S9NFZJKY6GSENBK5DXTGXXXV6X942VB,VPQMHIPWA5UP6BN7S6C7Q8QSGI5PEISQI663,EFCGMO4IO4DLAZXCWDE5BP9T52N0VTR4D789YECG5U,R4GD31961F5Q24WPD21GDE5NDQ9YGT50QO,T6GVXQGAUSYLE2AO4E6G,7YO96UQ3ZY535L5R3R2JLLJKN0X57DFR11RH1ITCTT,669.17,5NVMKQ8GZW4C9TTGIIMII6U0GE,65EJVCPZLOB20BNNKL7YN02JST4WLFBO4X,L41DP8M2OWUOC4W6YGQX91P5UIPGIPNAR1F9I4H1,M3EJOWXNZA63D8G7R3D7T51VXTZSD94JM8D20C,MVZTOCRCEAK36MQP7IDRZW80,3825654,2HCC17MJK1ZPPG,EHY14AV1ALCJ0XC7O,GKVMNMMLRGHXOYQ1SD2FR0MKTJTTV7PYOP6UJ7ZS1SKFJH1T43,BNB,2024-09-15 23:59:57.466698+00:00,TST,U58KWMFWYQJBY550V3J2TIDI316,0,0F5OG3HA2ZTL4T1IKVYUS9R8LSE2EV51SCUKAGAGJ8AJGV1MY6XVD8HX4GEE,H,DESC_29,TLMV3UIXY85BHSMH7SRR0PGGWHK8JG,J11F3796EIABH51H440XTDR1SUZ5V01XA5KSP4YIRH2C,6215672,2HMJ33UUT8IPJLYETZ8PQXCVPDV0RPCYZYZ69CQJTX848CH75DC,DESC_29,DESC_29,L76ACKO5GW5QFSTM08R1R7JUYJLD22QIR6HDHM1,OB3A68E37JGSQBXXXR68N2GM3YHQE16O6O51XPNP,83XMLC95LLN45GH8ZUMN,5917786,1059270,3654558,XXNKI0ZCSQEKKM2O90SHDFYCO6KIHOW5NHX44U5NZS2JY,2024-04-26 13:24:52.634744+00:00
"{""_dataos_run_mapper_id"": ""mock:redshift-inputs""}",K1YB74QZWFS647O8M3PFYQKTN9IHF85V6RL4V18NQ254FBP3ML,EGA517ZVIDV1FW05BDUJK1N6LWLRFSR,CUSTOMER_30,SGWS_30,518674,PRODUCT_30,OA6K0RIW9V647C8UZFQ6HNJGBKVNHQSYLWIGD94XMN0,L40PSIRMZEOAOL9UQ95G6R5Z245WWLFOPV7YCOCRZ2JFS,ONESOURCEPLUS_30,EOYXON0XUQB5KBHD7A3J4GPT4NJES,6B3PO9XIEZB8HBZD710T2WFKKU0DBFKS7BU98,9TV9STF09F12NPWSMPN8YSU1Y9CSJE9G0DGL6D4,4TU1EH9KB4UX0HGR6GSBU35W25YW90RAH88OBCWWJM,P6UEYPW699MV17IJVAGYSZAZC4QWJ255,DZJ0FIF7U15TVV1L2V2PXDQY0SG35BNXCP1Q8XT6GI8VT,9N2DOPAIXOPEDK3SS0QMSQQ3TLJH9IJ3Y75WJWGTPY3FVY9V,CNNMGB5UFTGXVKZ44QBV3OH50ZBE97MS9OI8,AXE02BQ6AKJ6YDK3UZ9FF1K92RTRRIBII,72CCSKJL,1XX1C3BRN,HE4GHOYLPVG,4878069,HB7RYZXC,PY34KPPM7QH2UZFQ964QXINJ7G9UDRW1V5FV,Q6K1UDQUXFCX2PLD2HJ7FSKFEHO30BT9PA5AZD31,4KE3RO0F1151KXWFDTWBOUSK0K623KURD61Q0H95IYVQ5D,YOMMK12F2P9CCYA8FPSRILZ4YYS61Q7IYJI5X5BJFBGB9BR1,2VKAAJ3VH5VEK6Q9Y9JE9LDPNEBT0GKAXGFXDBHQOJVF3YPV,9Y7FCXUBV1NCYJ31BN7TKDZLR22QBGC9ZESBUZ,111.88,2EWRZVISGWJN8SXG4IQTHUMPOOBAFSZV8CKLT5RL21LAI,ZHO6IX0R3TU7PK8SJJPE0,HSGJNN09G30SOKG,KMM96TDGRNGQ1P8NF3GS64YV8MHMTCZ7HOBEL8F2P7CEZK2,04IIHPWUU6ZU3Q0WK4AT3IAZHF3K1MEHBXG9R6M8EGDP,6006687,ILKXCR2,H3C4WR2H6URH2AODZ6AU1UDWH40LEYWSI,CF9OYD3QGPX7JOCYA61B1,7Y9JZAM9WNJG4CLK09FGXJJ1NW51FSYWHKMOTAVF3L2Q,2025-12-07 20:16:29.244866+00:00,48I2W3P7IWQR6,BJ2X2ND,A,SJE8JZ995AQITSMZE8FUDKBNU5RVEO77Q7GHLTP,N,DESC_30,5AFK77814,Z6W268NZWT34ZWWK60TXLRUCWG,3137355,4AB8KB2OZ8TH2HKYBQUNPN07ANJ0O2WWS,DESC_30,DESC_30,7496SGXTYSI7F979T23CZGRO5E8Y288XYZYLYJXGIAVTJTCDW,FE916CB04XR21PLU12N0O1L45WUFO,34BPQ5P78796CM7H3B,8490531,5603739,6217352,3WF6E3RS30K6623MONOI,2025-10-17 18:49:13.783297+00:00
"{""_dataos_run_mapper_id"": ""mock:redshift-inputs""}",FN4IW2V42MXP0B177LAFEGN4OTLT9H8FHA76VO3GZPDI,VAWXZ13NV9GTW2TNC3REYJFBFXZ24TARZ,PRODUCT_31,CUSTOMER_31,521801,ONESOURCEPLUS_31,77DFCRV59UI1RE5GI4ZGX6FK5UKAQKPFV,AGQP2BV29M5VCGSEBNVNISIFTR4MV3BTIFQKO9Q,ONELAKEHOUSE_31,EAX9BF4DFK,CBBKCTFPLV0,S82DEAB14M5ZAM,O2KAVYC018H58OMM70EU7GF9OO945OB,YI4RLT2XAFXFY071C0OGR3QCCWH2RB3S4OG7IDG3BOU8K5B4CO9BXUW,4A8Y7AR683ZRKK7FDENCY2SVY8NQ9VQPTC7SX,CT3U4JL4KYYH,SROJRGMHC8JLDYU13TN8L4MVV2A5XYSWVE7NECTDHHJKARJJ7ZY589ZB,VS1I0ZBEAMYG5XWLY767D9NMTV8N,84U0P3VUH5LEMRRU3AW48AOLZEO0JA08O4N61,3L4NT5D9BT5URFLU079UQ0,GR0,8706766,7C5VJ5ULRAEKIKADHOB3E8Y71BRQFCT35OU8S54J,PL6VOV,KJ3GVGCA3I91AFGSACZRPM34DAIR78CTM0UXSR7CZ3MWXJS9BJI382PJ,MDSGAU59B3J1YQR8H095ZEPP7TUQ816I12XWMVQ7TAN91VBT0YO4VPERW,OZEYH64DJFZ20TJF75R9YH,RJOWWGG0P8BZHFY811NEFPB4K73X3SXYULUSFJ44AYVYN,RFTN59KY3BRVEHNQD7UMR4QU5EL1NUA2N3CH5DMEKJ5NB0KT53LXYKOV,723.51,9P2JJX,D5WHA6ZVHQ1E45I2EIFEI,JBUBL4M91QET2LPX3P80SZCMYVAAMMZOLD6,5WFKXHLVCPS5I41QS6LITYHNOVZ6Y,BXZORK401GLKBGFWJ643XO1M8Y99AWQMLJ2YH9FUXJEIPMZE,242620,LUVNK72BHQ4O73G25DYMQXIOL7DSNB4AGXUE8IGYNS2LJU8B,SJWQ837FO7KR91QY01199ECEJ8X1Y3C2453SIF3SIT8,8P4RH5QDK,OWNYZLKLE2B45UMBCQGK882T6KBY3ZZOXM1Q51J693SJLP4RP3CUSU3N4,2024-03-27 02:29:50.325605+00:00,7A4DRXKSXUFAL17ZLL20Q30V64V3H1NODMQJ9E72H0VV,2ARJGGLCLW,F,BNJSPNAN4O95QNDOBSUMYW186O1PX1GHI5JNH7RONZ18EJ11D9TXN,Y,DESC_31,197KK56LT431J6S,422N8G809JQ5YG6YT8LNDT2DVUP6TPDLV67ZRTPDSP,8043392,TKG,DESC_31,DESC_31,XSNTVNJHEQ1UQTZP6E0RK27MWRMQ75AFCEM21WGTP5EH978LKIWX5XEE,B764F1FP5G8VBPX6M7JCPNYL5VX544FSXQ,OMI8JWHUMY4V3SWB1ABU0L550IR,1626551,8074492,5050462,IEL13FMXLWXUEKIQ,2024-07-15 07:39:24.970953+00:00
"{""_dataos_run_mapper_id"": ""mock:redshift-inputs""}",WHWFPSLV7Q,3TB8APC9PSFA9728LN9TZGG,CUSTOMER_32,ONELAKEHOUSE_32,609064,CUSTOMER_32,65A7WCUG030CVZWIS4BS2HV3,Y7WRV2206MSZAIULUIJAVO,ONESOURCEPLUS_32,M6G89ZUC,IH8EKEUNLWNU8AVXQK2BY0J4TN2EZTL37VXYBGT90H1Y1MW19UPXVZB9X9,WIHSGW1,UP5H9JHS0ALP38X4R27B8CXQY3,T26EG5GCJ2Y3O5H2WX9S9NHJX8WCOAAV0BWZ2,379OQ21NXSFVTYDY2,Y9ODPUJU9676YEO870XF4A3ABEZSURRRGABJNSUZ56F7BU45MPC36,7SKK3BZIV8IDY4UYQ2BNCAVOCF03G5IBP7Z7UQ4D3BALRYF3JB8DZRS2QI9D,68Y1495A6M8KVED8C71F2AV471LOIXPF71MIEKJU,X4VPFEKUPFR3B38N4SPKYL03IH7EP3EAZ3J97LIO37LTA4U2IY4IHBU2F,WK3F77CLGEO5HWOA39GV54LQ8MOMUH65R13M40UFD70D9B2ST3Z799ZW,YDXF6EORDAOH7DIIZT4Y7H,3246002,ZKR50WPEKV74JYECDCDGWRSEGV4OTSM3EA84Z4N,922PPIUH476HPBB0G00084Y8ISKV9IR6N1R8G4PG4W6ABUL,H6H0EQSGDEIK88EZNFF3YPMHMSGBR,UP3S4QW3GBD5LSB,J3LXZPRZDO6A8HIKF9H73R1VM5GH8J7681M9LFPALVXT2WOXGX,6918TH8XSKWB6O77EYYJ2U0F8YG97JXDPXS4PRQS9W5,00YB2ZIPTQQSHFLHKXIPB92OKXGGEHOL9XG4OSVVIZUEP2SZE8TR5M7A0S,60.78,RT334A1OQ7TTKX0N6KW7YALPQ0IRH4RJJ70SV0,I99VFJL2JCT8EAM6R16O7Q8Z4SIZDFR4OEBJ5AYDY1DAEUBJBKSOT,1FEWC3Y2F3JJ1QMG3EUF0T11JJYWK36YIPX1ZOE8DX1I0V8SXARS5A2IZD,VZH5XKGM96FL1EKPQWADJLN894A82U,KCKS9P0VFVPZKAUMC98EZ90CHC8TP85J8KEFE,9537779,ESKTOM7KRU32HOJ960WBG6NL,NDG00SH7SWCNBHDZHLG5ZK6X4U0PADB1W6XNFL9M2N5S8K7CLA06VK445AAV,MNVV1DJD9HOSSDMF25AENM14ZTTDWPH8SMMS29FMOZ6BCWW2ALMG6OK,JEO8IVC,2024-12-30 22:44:42.226444+00:00,25Y8YS868OB4JYUVPCKUSU0RELCNYXGKT410PJX0,FRG8QZ54OIQTJOJ26SUAZE9CT9,I,EPB5IWXGUU3102XL29YNQ7INE2DMAU9RZ5OOFIMSYG,0,DESC_32,DT6X70OE,3ZC8PYY2UHORBQBWV0GG,5707608,H8FGKNM2RO8P8DA8TMFW29T9,DESC_32,DESC_32,DK3ZD1LO9NUUNA7XCPBEWPDAWM48L53,11I1H0O7Y1HNFWV,Z00HJK3KI6L0YODGJRL,7254807,809673,2544070,EU2K972FIXFJH0SF328WMK5F03OYARTRFO3,2024-10-07 11:20:10.516513+00:00
"{""_dataos_run_mapper_id"": ""mock:redshift-inputs""}",V16XN,9M7C6J5BO3CD6O,PRODUCT_33,ONELAKEHOUSE_33,828425,ADVANCEDSEARCH_33,ORC6Z0OJCHQBUWTL5VQGW1K0IKFKBBQIHAKOCE8GIFMYQZFYUM69H8S7H96C,G8K5HVB0CXWGPDJK6XKY0001ERNP8AICS0BUOPJKE7IF6NEVV3WMNY,ONELAKEHOUSE_33,7HHF43QU2E66IV72PBQUBZBSQLMQ0WAS3X2R,H31WZLWNE9P1T9PIAGKUSALA6DQIC,DTT0SYANBW3F0ZJQDVER5L0M4W4DUM55R24IG4NOI,MX2911KXICAQ3VQQMD7KPXS,EUEG746R0KVPC2TSAQCZZX,8MIJIKC87N8LKVXOBZ8LOJLA2ULQCZT6T5WOPZJ6L488IAS7JKXEUL,CZSWRVKQW1UDGHSZ5VWCWD4UR6XJ0R,YTS7VNTQ7PT2,E5JHLV8QOQF7SW7LIKUAABNSMT9DKLSBPVSX5D,F22XK6X16M1CFE7FA6C5U9LB6VMXVDBKPPWHEZ40D99H6ILLEZOGS7PT,OVO36KT4VHF0S48D269FPLB4PJ4F5,8GI6SOK38E093DYXMHVDMYZTQ0SOURAYZ,8664281,6EF32TH320YBEBC2HTKJNAJWW8X07G13L1S4LLSOS2LF6SISU,IFH2B6WUFB0O8DHK,L7S64BTUOQQCKE5UBDV13Y7QU0SJLYY0N6NB2ECH99KAPK,T2V94OHMX21PF9DILU27QMOF5Y3N6NOLHKM2FCG4P3,Z7D7ZMJFTFPTVJSAYJRMZX988LB1X9WGXA77QHUR4SQ7FL7E7GI,KCICPK2OBI89FAIB0CQ8ZN7CXBKLWD98,ILXFHR37HJHALHYJI,508.12,7IMNT8IROR3YW0HTZ33,XTSOA427JGDJT1DLXBVE8A40CTDRJY6C6KT0R1MYB0CIJJ,9KREB5ITHFSPQ9GUFQY165L7PL8OVYU5CXDR2X6UZ9373AAMU160H9,2IF73PDBO0JGE8V7D30VNKTY8BG7FZJ0LCG8YDK7WTU,5UA0K5BQDC60RU99AHAVT0NGUI,124774,I7FJF0KTVMKEZD5LF9PCQXHJ6AS5DLQLGFR9,2RL7UJSBIMSLNRQYUMMBK08Y,N5AVXKA0C07R5FAG00MO1YOQKQ0RK4,SEHH9LSZ0O8AQKDX,2025-05-22 14:38:21.746026+00:00,FWV5TAL4BM8UEGYKEWJ00VLW0J6H6KXH9HZIH7GII,NNC4X4I6T3,J,V6084ETWUS0EB3KPNVIRWUCWXP4FZ5S0LPC,Y,DESC_33,RNOB5AU8MEFEJ5184A8HPMRZ1S9BLNBBR6Z3OH,4EZFYJOO6167P3ZAYJGZZT08DNAG5XS54JI8GVC,4358477,TCS2N8U9VYIN9LN7BD09RV8C6A2AMB0ORCH0G5ED4P47ELN,DESC_33,DESC_33,30666QU6RWSOOCSN951,GDZLM4F96N2XJ7KACLEWFK6ZVHUW4GRWW6S1UUJXM,K31SNV50J3PUHWHRVWU1XKUL59SXD4IMLH0UTY1B684ADA6,5902311,4953218,9710800,6Z4D4QWB4E,2024-10-11 16:53:32.728949+00:00
"{""_dataos_run_mapper_id"": ""mock:redshift-inputs""}",I3ZAV3O5GVR8,W2835ZIXGRY61UID5FU,ONESOURCEPLUS_34,ADVANCEDSEARCH_34,601861,ONELAKEHOUSE_34,9OY7YF771KUUK5Y25MJA1MCV57PVXCX87AQ2OQYAMTNTNF1CXP,JDF86YPPHUA8L7WR,ADVANCEDSEARCH_34,A79VCVC09QK,ZPRWDYRKCAGUA28S,UDZPCLEIUTJUEJAF2I8JJ7UJML12CKCXLHGS6UFM87,9Q3S7BC8HGQ,HVVNABCRWXH1PFH8RL1YZK3LTADUKAVF00WMN47EMOWYITBIJXJP7,Z1HG,X9MVRBSP6Y36PJD0LLFO3YM7YV1R3SR5QGBA31KNLKX1K3O2IA6K0,9OMOLOT6TKYZQT9JNGTUBXC092,121B993J,RMGEJGX3VV2PY59DHKWT5MGZE,ZW0Z4DE6CCP7HO9E,TGACJ9UE26ZBA4HHC2AWJS9NPAWAA51MFTIM47Y5,1158185,WFAQFBGCCCC5ZTNCH4NU9LVMO7FTE87M27IO94LZH9EX4X2D0C4C1GT4I,OZR,M85915DTFY32XOCPQ9M0ISUWJRTGX,NFUKX1WEIROLZKMSFLFU7A,HBGFGUTU44PK,QCPT3UQ,A714WBI4870LMAL7HXAHI7DEEH67OQENAD6J4QMJTB6Y6HZ76,469.22,ATG7HTLV9LV0BF6KZV,0Y0Y9EZF,1RSA5GNK994YO5FKHVRAKU2RX1LYWB6EU4HJ81XSIGRJO8SRXTLBFO,65QE8U560IR00JM84867U,MEXNUDULNJBM2ZD9VN9GXWW5BJOZ33K0WM,5356720,HK0DXTTDXRU2HJ746AWVYYY7ME,NKBWOI9GP8968PMI1W7GLAY,M7UREWNPR53KTFO23XT6FA5K885NPHZCA7UC,6LCMHNJMZDMK0W84K8KBVUFOMAIR2FZP3MZSQIL4WS7S3WIIWKF,2025-03-31 01:27:14.261193+00:00,DGEESD1ZP0F5,2BCWXHDPMHANVGGO01YQKJD,F,WWWJAFQIS74NPGIV7X,N,DESC_34,QCQDX12DB,D0CEXORUJZO8O15K9F7F3J8PNFKMM,2954907,CUIE7M,DESC_34,DESC_34,USVD91,4JSUI6ATT7SDCU165,1KNET7LW6HCS4I1854Z3,1241582,1413667,1059794,RDSCTUA5GJS3ORXP4POD9R1WDB6P2AI8U81DHSXI5R8,2025-04-05 22:21:14.429133+00:00
"{""_dataos_run_mapper_id"": ""mock:redshift-inputs""}",2M0O7228ZTJAG72YAY2F,XZNH67YGTAKDFOTFKKIOV6CU15ZWW6PCB,ADVANCEDSEARCH_35,ADVANCEDSEARCH_35,979604,PRODUCT_35,OL6304MQJ886QYJH17KSWBPG8W9JB7KN51ER,23IEND1I0F69BS4FNDF2FPXZ9VLLEQ33E6IQC2F67KPMU3O5VH8KHWPF,SGWS_35,BZM7Y7JVKDA5GC33BIH3AIQ,4PLD1QJSCER5JML0N5ODSL52PYYN16YL9,YMTXFFOTHON,PHUX1W5Q32NNZ0QCN02JGUBAHKV2DP5S6VSEK94PTFH64BMTNZXKHOHWFZ,YBV15IJSJ,OU75IK5CI4V17DI7ZMIZI6R4ZHOFX3BZ5S3BH4XC7N7TO,XNCFNHR0OU2H8VDG2KEEV,9JRMT22TGQWT6PSN2A5I08FV,WTUBDIBCU761US6YTYVVH1QOIICR7X94K3HQCZYLNCD2,E09F,5OPI,FN1FAIEXET2B3X1WXKOIP2LCUES18Q20,6260233,44IS3UMUW6SOR8NG24,8S22HHBI266IYIVL7I35DPDHAQH5ERL4M0CR7Q54N,W70L5M1X19YPGBMMDPSH3R6OLF9WBNAU8SI8,HSH5AUVKGYSPHWFVCAJKBJYN3MGWSIU879Z1O717CVLAMLRRAU6XSWHMUE,SXQDD3ISOEWDSFYTDKE75L78S6MK1XGAHURTB3CGI5C5ZTWOZJ,XYGV3KRUT250DWJP4RMVYPUDF55VZC9KT36,MAO3B1BD3KZGRN1CWK08VU2N6UBB5BR1UEXFQ,983.41,B17TBSRYH59RGLY1TPLE1SC2BF37GA3MRP8GGZ,ZBA5HA6FKIO8CCO,HPXSHALJRW0CRYXTUN8GG9DD70KYP,8PL29EYRD24DBWL5DCO54ZV2R29XTHW5F7H5UUDIQK74G7DA39VL0U2J,VDJIS85PLAG0JGEU19FCBAM40X06S8D0EXHJYIYLO7F1,4177913,J40PATYJ,BDBB2L2VUXJT8JEQX6XEVRBISNDUG051H0PYZJV4HAR,ER9V2AGYLPPX0SASZPGOC3NQ59HCZPIJROTJFK4KKPQEB,MNWHM1Y4ZQB4EO83NNT88O2D96MU8TJ9LPI24NH6VZ9KV,2024-01-11 11:12:11.106907+00:00,XZQTUAFLQOZ,VZILSQJ7NO9F1UKDKLZSPLGB61KBSOCKWM0EX7,1,VAB4MY2HY93OMSLJBH5R9U95KBI9XHZODLBXAPTHLB5S0QHE2RQVDFQDC,Y,DESC_35,P4QHZZBZFLDDHP7YNQCS4ON7E407X,IOF5Y7ASLFEFRUN77BAV6Z2LG52935NQTGRAVAUTB,8156693,RQ2TKGGUQP54LEBXQH9O9EWR7ILNQQM10M,DESC_35,DESC_35,335ZKEYGVZ93UHLWUMQN0TJ8KURHR1XIJJ7Y1T03GFDFFKNJG3,G35JDEM0CGQ1KPEDUT0Z7DMYQYH4XTGY7G,83WL6SRQYER19KUJBWJ4R6ZWVRQ1NBGIB4F3YL0I6901X7W,9418718,7851925,3758313,TX59WYIBFRD49XH00NCRLT,2024-01-06 11:19:07.066890+00:00
"{""_dataos_run_mapper_id"": ""mock:redshift-inputs""}",UQUM2L33MENCPI6,1S1TGPOEWP6WVO9F7ZVC7HDIKPOQMZN,ONELAKEHOUSE_36,ONESOURCEPLUS_36,99142,CUSTOMER_36,73E95RGDZHFF5K0KT,0WP4FLQ2F8CKTSH9R39J7S4T9,SGWS_36,RSD,TWT8X08YP7N3GIV0VFCU4B5WVASXEN,0YIBJ0Q5YGH2K0IKHA4GOFW6VROR4,HX91G0I2L4J6EA8ZVOFXE1J9T0C698ZBTO2DAORTFLQ29BNE6O2FQR3,D08JNT8YTPCHVMQ7AREWWVG,AWQSDGTSNTGSET61HG6FEBFJTZI1HX0A6DQBW1,63YA772HYTNH9IMFPNE72426YDSZ0IKMV4,7HGVJSMZTL4T6IY3DF,342D3AVB,ASG0K638NHUQIYGE1I4XEFS6X1PT9GSRLJMSA6MSNOROT5RJRGPOR7UTP,MR0J,K9WJ3GVMMNHDTEFL,9530766,0867AQWNZCHB7NJQ3GL03X4YJ9M2G6X5KD,OX8EXNIKFCLK2I9QHC4JCBIDJU48KBJCJWXV72,17UQ56I71IN0W4TY6MTDPV7WNVEJAIMHP0ZXFBL14UKLC5,MLJN3WTXTXFJLX1UWPOLKNVMVFA6QRKYQ0938EOP6MMW9C28T,THNM44LT9RW6GJC31NTK5NGVQJZOKPUBEDY1ID7G9WLC9196O,MYMSU48EIECJ1OOZ,TRVIHR4NIPQL0ONH0JCP9RW7FBJS2Q5HE6LX0HVPG,78.99,3V6TEJXIRVFR5IE3Y931U5EZOM9PQZJVK389ALY8BGP0WRUH2TOZUQ,A3Q81998Z5VX3E2DNV4WMVLWQ3BBXR7,X02X6K6SH40J2,B4DRAYVKUIJWD62GGQA08DOR9NIQXBZPFD4B4R8GDKZE3PUE8I0VV4EO12U,QZR,5852327,6U2068UVT1GQUZRU7SJX7WZ756YQ9LX,L6UIT23G9NZNSH4DPFWD0RFJ3J93,LZ1P054M00I6GC8KKOVNVCXVW61DBPQTOC6H2YER4CRPDXLN61539,FX2X79KWMZSR4296GKWEH0QFAENNIM8K3FLFYVPRMMV,2024-11-26 07:14:55.979851+00:00,CIH14KN227QYGLM71ZZUW4AGSHQPY4,AE4J98C7HBBUQ76OR23,0,QS7TPWHXLF8KA0JJKHB337R2BNE94TH179NI9YB,I,DESC_36,9J8FLRWEFE2DV5TSHQLF3CW5JQ6KIJ,ZKY449SH3PG8H4XO6SJ244O7Z3H0UYNS,833419,X10LABSAHMJBERVYX0NQ4NNJ,DESC_36,DESC_36,WO5GAKL4661D2H4ZXM2E6VI1SS7I5RHK0CWJB57LKN7C,TARMGNQK7H0J1957LBSPXIQ6D0OCHIM66RCH6LL,UT4NEWQCBE5GR9SC35I8FHB2X7PF8DF7,8188520,5894087,3427947,PJ1UWTV0J3Z2Z6FDBNZQT0VNGN03XDNQCTEAOP03S751,2024-06-22 22:07:06.287678+00:00
"{""_dataos_run_mapper_id"": ""mock:redshift-inputs""}",VUIBS5TCTHAEO87BH4K245QQQHZH6CMUWKKFBB896NGLZWI8NBMZLL0ANQ7C,PZBNE6ZJHLPRQCPPX20OIXLOL8NM3I67YYCTTQ24,CUSTOMER_37,ONELAKEHOUSE_37,479365,SGWS_37,10TZ6R1IK5FMMZSM1KX4RW0ZCZCDLGOC12WH5OMKWDTUAP,GE6XV8G4DPZO,ADVANCEDSEARCH_37,ZKYCWFGM6Y7,WV8OYWI7S3YJC5XR30EPC0KF93F,6DBHO9DHL4UVYZH534NTYI67F271GSWGXP8UW38CVTQYYO2F8NJ1095,O9SPCHMTRDI8434XM9GGOPRJGT6AZROKW8UGRQ7WPASOP2T8U,H7XEKIXKR,4GO4W0Q84G9CW554PEZI9ULPNVSPWM8628QJPVBM9ATMLE7IO84SN52J8HQ,RVRL81ZTR0RAEOA,E2EHHUBH1VL0XR0AWD3ED1XATU10ZBM7S,PSCILIN5QJZWQOCMND5TAGOHWSTPZGLIRXLIKYEDT,G214FI3JNW8KVPGBF6MA9EO2NVETGQ35,5LNIGESYE432ON7LE33OZ0QL,ZHLB4RRWHIGO5UQYN1L6R7W,92564,HVRJBBS5FQCAY9IL3BO3MXM0,JEEDOS6E84N,9GB8CN3AGLFGA9U,ZUG23R5ELSJ8B0AI9N6X0TRKR4KF97L0VAYXSO035N2BFDOK0QIM75SCE,4LIZWC,U2WP67GQ5PMW4KL6TH2R3QLZ229CP4KVJ1FI5,NZBXRQKS2J68E,607.64,DAIWWQJHON749NP3UMK,2HZK15KGZ50YFST6RN1RBMN43PRB9MBG96,6P1TI2OVCZSCZWTKOIXZG0SOAOKI1YO07C1TV3O64WJDJU7FS32,GE9CH9J0ROYQWF61QNZQG1OZD6CY,K80CQO6OWGK,1385718,MKFQW8X3CIRMUX7WVNDN8YDMF25963O8JXL9EM,TME58GJRQYVVLT7Y57XV,FM0BJACCI,J1SRUVIUJM6PBKUKBRPC6VHWW6ABGAMAXR1REAFV4M,2025-03-10 22:42:46.035503+00:00,JGN7I1J3V9VAA684335FGDS9DAEHTRBN1DDKVYY9161KEK48AEVQ,4T2PIRHMKWG5,E,4KUD1YSXXAQTSSM86XW9XG5JTC66M2MLBCT495NFL1F9UMZ4X9,0,DESC_37,9W4UT64TCU0ZK9IMEAKEIT5M,7KPKD67PC21N71E31S8R1CSXMIT1MBRT4WIOUFHSGZO6W6L5AH2Q3MX6L,8997589,WK2W1IDM0JAVUT8O,DESC_37,DESC_37,O8W4GH1FUGEKC167OVN663J310,IP3NOAYD4,NQHVHKOSJJYBZECU3FVJ2DL3VE8TB9X9QKSQQ7B0C,11869,5247655,6431287,U9E1A9MGP9KRPCA6DV4BN7R64OOX8WHSFM5E79OE0MNT6PKEDZ9P,2024-03-13 09:45:19.012840+00:00
"{""_dataos_run_mapper_id"": ""mock:redshift-inputs""}",DRD29GLFDMAOJU0RYXOZJZ9X5S,VE5LFIXG6QCJQIEN0BH,ONELAKEHOUSE_38,PRODUCT_38,736567,ONELAKEHOUSE_38,WWC86EXL48OE258,V3PHNNY7H5CL9I2KAJZH7BUAYWCC995UBOG23N5UVKE5RYT0SX3,CUSTOMER_38,B87FUOJTC3URU571IGTKOV4IB3PJMKLOQSUQMZQVAL1GLQ6,Y1U320BMAM,TYJUJHFYQU2B5LUH,FFSCTH1HXDQECSYSOAA4ZT9IWOF552MRZDWPG9C8O4AYF0S0F717071,GUZB4OAGO18KGR02Q54DM7635BBR3OXCFK5NEJ64PDAE4,C1V4QQSMRU9LEV8TD48E8,989QZK35WMK66YO062232LHPTPOEC1YZTVRZ9VMFX0IWFHO,BSAWLEQIWSFJP261WLAU2F19,OR2VCZ1INXIG07H55D29DP8FESI2MLE4BO7LNXUVH4P9LDI48YMGUC,QBIZO4S65XSB7OPVEMB8IRTWKRWJHQS5SWL3FSR1M,7K3,YLXVTARCJKWEPJ7S4FGDC8B7,2849670,QWAKORC4ERXHAAM18AO,OZXRDIO,GIWHFNJDR0QDJ6YTY066M,NRJVAJLIHZKJSJEIDDL6,XRW4FNBFIBODT0,WYIH5D5OTBQ2P4AGUOTXSHJQUDFCW0268DHGV27XY,QDYYSATB8K4QVXYNPOP1SZUGA8G74MKG47ELW9HP6HQSNUF7,991.55,CAHHQXS6TS8V0CMEJOWVVV9MSHX4A010HM,4DDIY1WYAZWAV48DR477WX7ALP5791XI,LKJXAEYQ8ER7CB4ADGGXMEATADBCIQXMR9QOA,1FP3T,E3OLUDFJ9ZV,4121073,S0PO9CJ93B0RB6YPB9YYDSO8C3M6W0FTQQM3VX6D76Y0DN3JF8,JXRO1TACTA3UHKWD7F6,34F7DM9P3YCH3YDA3L6N9SZHSKYUHELDRHCEOF27,BLX7YM9GE8,2024-06-07 11:48:10.080894+00:00,RPH723T3O09YYVB15F,X91G2RQS60RJPG9QJRDGS1GJTFL,1,DS3OGU61YSG1QVVC8IN05BEDA6Z1X0UM8EWZ504LQK2,E,DESC_38,J2WUZQ956S98FGP0K4SEZYBFGDMWK11U85E1ZTO155QPQI3BVR5,HU1YLAU32VOY5NZRJ9SZWC0L9Q9CQTI4WCZCBI,2689030,SS9N2VFSN5H0QZLH832EXJ32FV,DESC_38,DESC_38,6Q0JT7G4WTP1O0N,W28YIA33P579Z6,A99ZAVK03GJ5ZMENMZIIWHHJ,5958474,441477,975782,RK3YV75LXJ10LY00B0QZ7XM1PKUY9SEIS7O9LIJ,2024-06-09 12:52:31.408509+00:00
"{""_dataos_run_mapper_id"": ""mock:redshift-inputs""}",IM1J97GLYHOR4IPICWJEZ5ER0OSIIBF7G99,JGNCG,CUSTOMER_39,CUSTOMER_39,518674,ADVANCEDSEARCH_39,XIW2QZD28WV3GP0J2GP740VDVI4T2Z8O4VK01J4CS9C5JPH3NPMZ7FB,G3W9YKX9GHNL4NERM6JRTHF12BR4SWVUK3YGBN,PRODUCT_39,UTDVH7W,TXBIYBJ3N3443PQXMMF2FXSY798M0U97XNX,JLLT6NNY5GDWGPZOOG5DZ1,6CM2ZPBS7RK,N531L14ECR6H7SGTEK1W1C9X7URBOGI,M3N1,EUHUGLNY2ZYP3H5Z06YSXJJ76XEET47EN1VAN8Q5,OOFQXE32B2EW1V87HMMUDFT,0OGOB70OPMHTEW0VGDCZSNGO7D4IA6FKK2RYTMGF0KB5SW1XX,AUFB62RYZAF45GDT7E32EJI4D3R7ECI,1WNX,J8KC6AS5BLJ5Y9ROMSNBFLFP8KZ9G7M5IBKX15K9MUVR,2481764,PNIKC0O0R8P9V6R02TXHPAH8,DUNI02APKLBE43II0149C2IN,8CE77G5L,AD0U6DLUW4FZGVXCNAAX31ZBOWY616CAF3HKVK1K0F286MGJ1D08,04FAGG04CE6KAMFJ0M3DSGKZJKELV5O2YMH32OIW1NE20N47A6HSUQ,1YT4BH4DKEN509XWSQ8SR,6I3ZQBELAEXPJT4JWNQ9Z2NYW6BQKR9WSRN65ODIWJHXK54KOW6,353.33,KPAGHLL5BIX9Q2T4EHS4KKUNF0S4H7FZVFPGSD7IQ0HX,HMK4X2GMV7NTC8WZ1A,8JR68ZBSFDEU5RQZMW60WNIC8Q0,1WRLNXGNPGJGL2WMDOZ3UYP8Y0ZKFJDSP7C5KVM9IN216IKGVNT2C,U4JTW74BNGCI7ITCQIBRYHIB1MTIANXL,3143815,7FP6YVYQ7VEKK9VJUF2,YCSU9MJW57TL1IDUG6273NUELUOHYFII2W29B7O59,AAVGX8SNG9SSRZQ12WQYEP60YSCVCMLC2SE4SJ04VIHVVNXF5,VR8Y2R,2024-06-24 22:37:27.276737+00:00,43Q5TNRA,3PEN8CYF43M11RD04JZ5LZOSAA,S,HSI2J8SA4WMIKQYMFHGOD0BNKCI0WRL47GF6HLCM7HMPXH,N,DESC_39,LRI269EHPM3SEYV8TBI5FNAMMOZ0,EBB27U8MN35UBANF9OPDQBLK5,9326576,JAB4CM0B14RCS,DESC_39,DESC_39,KWUOBPHT4,XBHVGJT4SOD6OBWDAML0FGCJ4GFCG5NX,4W7JKGQH6TM1CGK11NA6YC53KE5WHJBNXXAOC,9490274,4935656,1460448,SR6A0XE0B2E4DOU96MP2I154IJG9UF,2024-08-21 22:31:48.265600+00:00
"{""_dataos_run_mapper_id"": ""mock:redshift-inputs""}",TUR978M1PFDYCOINBAX2VSID5BQ5C5C7GPH3CX3QI8H3SCC3BLR4,E1HT3RVGIVW9KV7I,PRODUCT_40,CUSTOMER_40,468288,PRODUCT_40,O37BP9W03M6Y,FA1Z5Q8ZG9ZGXD2K3508HMD8JRDGCEOX7C,ADVANCEDSEARCH_40,T5KR6O33KHZ03L5K06M96T9M5QYBQWKJTNIF6DGPKBIVG2FM,ACCV6DLOPV,HHHECO,7WV6VQXDFH5XQ46UMH3Y58AP8KRAU7895XXTM,YRS9087TEB,4N34TZ5AE90E1LQUF44G7CD1TCRAT0N30YJH2ZVLVMSF2UFWS4VX,MJQ,031I8QVFBLWJ7VE3PBG12YUZXAI4Z0X,HLZ42M3K3GEQMLFV4WNQ40KS5WE0W6232QZM2ARLGZL4N1PJTKINWMK0TXFR,RENYKG6GF6PPUEO5TVMI1MP2ALOH4R8RIVHHGS04Q2J30KUHRR0U,PTVSH9A7M7B01C3PA8A4W,12CB9H9Z13ESPEOCQ0U9WDDCI240,5513354,JU405L3FBGEULUCUH3TU7CALG2M,6FT2O5LSRFF99E2YGVUPLLYL2T0O2GF3YC6X326AX2H9YA,O5O4ECJUC5COHYL86M8PX160X49CBT,HI9ZONMMOF5QHQMHXVCO1JVFBCZ7VWY0NO4VU2RNG3YHW,0S1X9V131,866L87YVN1DK4XMTV4SMAOGOIS4GKD7,0FU7PEPXCYQ19OOG62B6JVB94U56VEDLFRF80,835.95,BMDC2HNT9LTGFT8ZHQ9S6EFTJLQ77ASVNZM,RR9NU6T4B,MOLWBBUVCRK6GSXUGFTR8E,P77K,SC1IRGM2F92P3PC2HKXRYWI8PJSM8,7411179,3GP066O3JTSTX1NS8SC,C8NRT6RRU9HIAG2V1PS4DH47IX7ESU6AWH2E0,C2PSYZ7EEZ49R3SFWNHJWFCAHSKS387Y1MXAVJTMMLM3DCNLRKL5M1QTZPE,RQLTJO68,2025-01-06 21:18:01.095934+00:00,XX7TVLYCVDBLK0Q8E8RKSZJF,THRWY7EVYTC2U9NIW00F66,C,VNI5DQR,H,DESC_40,ZZD7YTE69HQB2QDZLWI02BIY71,C0WE,5877044,0IT1MHM48WJDXM220UNV52065M16NTRBAHLQ7PLD4BI3D8U3I3YQ,DESC_40,DESC_40,DKVWKDLALKGLIROBGBN97672AMUVEXEJZ5OK83RPT5E0ZU5,TUBCMD20RJO2R5GEFIN3CPRG015ACPQ1J51GRTGL8,A14ZZRHAS5VF4BEL1LY6HWGAY2S6BYAV8PDTNHFJAE,1032389,6012978,1371912,A5LB3S1P0CNXJK6FI1FHEU3H01HO16Y2A,2024-01-21 09:38:21.547577+00:00
"{""_dataos_run_mapper_id"": ""mock:redshift-inputs""}",HZQBDGGAQI9SMGXKPV,MQWGO3UVKUAX1P2331YCEFY4L9WQAZ6VAOONEJ7ZE67B,ONESOURCEPLUS_41,ONELAKEHOUSE_41,702133,PRODUCT_41,Z0QUJ9S3QIDIGNE0WN6ZICFQ16MMN6C0WCH9NFLM6X84QEAERPY48F,TT9TEYGMAX98N6MEXR74JHHLGA,CUSTOMER_41,S3SX5T28KVPKEELVLCFH,EYLL2IY967VQEHDM6I1QY0QP8GFTTSU,6OA490U42RZ58SKEHWJBF7FHO8FY634P7G0MA46KLU7IJYUWVRI,Q5DOH01J3TCL9Q08P2Z07MEGAD1OGYZIQ2IGXUCPCXPCJ,I3L5CH9PL05O8PU22A,FI03KYRITSORKML4FPE,9M4XICMN0NYG09,22AG24DVPD80UNPYI3J0LNM29J1VCI3L9IJ4XCJB3U,ZEQATQ,DLLN76PKZ1Q1F3WA4UD9RAAW1T8,I4TQMXR7WD0MAWOUWFFXGFBTX5POYF4UU,BBZWTY2RUFMLSF00W2AXB0GMDRYSOMB,2160222,FAXTHVIAXZSNBOYUCY,ZYSN5KUGW,DTG2S3WNKA0FSKX308TCET8SICK19SIQEKM6YIP3T9TM5H,UYHM789,XOGTG76B55ZECGRMQMH775ZERLRHHI,IE83OSLR5Q3FJ63R9QL5H8WD097GD6HTSFYCXROFIVP3ZVE50PO50OHK,VXMM3FTZ7NGTLRZRKT2IMCBNQUMMVTYZCWNS,-798.70,YE3QLCQYKKYR,ZR1926OD5ZL82KAVSID2,U90W5R9K3WEAJXCG9YEVDIBLVUH1NCMNPGUPEM7VS41OS3A7Y6JH9JM2NM,QHSZRFB52N6ZOTAKCHKWIXJ3A6ZXHELREAST2LLQ,RKU2OVG145ERF78CM8ZL2YYKFXN1FIMCZCA2JB696NI4PP7VTI,8633426,V6S25DJSM3CXG06K6N71XDRDRYQWDU1EEZRUHYTCBF9PLK,RRSVDOMF,JPK2AY6AOPVQ5N125IX8R3L5F13YO,OTQR4G1D984TPXC40CH16Q,2025-11-21 19:36:19.479099+00:00,9CFZ4HVTR0C,9RNGN49RFKCQ5YBA0KHLGO,C,JODWR4O40JEJDPG4H98K48IM8XYU3CJHOMUJ51E5AT92D,1,DESC_41,1JIPIUZRBWRZ08J8AFW9D5NYU8FB1N21PA7VHXULMFET6JXMY4,2ZSOFFG3ZJEP6G8N470901ZPVEA2Q5HVDBNCQHPZT6KSW0K6TOK1HL9CF,5324473,VJI7E,DESC_41,DESC_41,NBEAGHA1FNTZZFI529FEUOK1XYIYM1MIZ,30RKKZA5M7KO9SY9E55M76HLKA2O1VAJ746WCH8XV454D9PP9ZE2RQJ10,942M9STT8TYPSKQM5KVNJ8OPBFAXQNFRLCHTR6B998W0,7370601,4181510,1753910,UTUI4ZPN87CUDUPIENJEI3,2025-08-22 03:26:19.366757+00:00
"{""_dataos_run_mapper_id"": ""mock:redshift-inputs""}",SC3EQVP7KDN,1QP39HAUOWH0YNRZFMCRC0Z9JBP,ONELAKEHOUSE_42,ONELAKEHOUSE_42,859105,SGWS_42,KO6W8L98O328,SQCCS0UFKXB4M3BP8MYSSD4TCFDB9H7CU9UVVFVFB7FCMP,ONELAKEHOUSE_42,ZYOAAC4UQFGAQRP0FM,4I1J8TAXGDN2O9L412Q48HTBP5LZCQCANUE3Y247,FTMFITXXBIREBEUU4FTA,NLEU43SD,CLM6LWGA2AGFJZYZ3P5E2ZXG9HJ7IQI3Q03,FIMQA2IJIUS5O5CRNTKE3ARBYWHLEAV2FQE9AX2VXGM087E58LP,S3KBEXKBZGVVAZR,8VE2EN2WEKE,ITFDEBCP4R6VT1ECG,VAND5569AZQFBEQ9P8KF30BC45BG3QDMFHY,UV15L1PB24NJ5BWK8AHXAYP06AXU12933M4RIINO,DOHPR2QXBMNXIZTLKBZRY,7258041,GFXF3GN8GDEN2SJF1FZJSIOPG99HKKS8T,ROR00CXBLUI1ZJ5F80KL1A6AQ9XBK2HDFNHPHZASHFXVYAMFIV,O9AZ,HRCG4A8NITNF0ULPUFWTUHC2YSIAFCPS39,QZEXIWNWV42HEM56UFXEKZE0J0DZ3LDQ3BJQV5S5FUPSCC,Z6NM77,JO86S2MD2DOS6L156QAMNXW30I2U3MSYMJG4WDXRHXQOWF2NN1O2BP7Y,712.13,F1ADRXZTG6RLBG,MXUPDQ7WV93,NGSD9XS2Q2MB90EHV0PLJ2ITCLKHGX24RQ7DA7SEF7TBEHRY,G8JGUWBO1ZMDK3XC957UPINIGMCHAU6NYV,DPW16XTVXIA6JLEB629,9516564,7P6EF0V,L1FCFENXTURSDKQLKCVJ0XX9N,XPECDD1Z0QC1QS2TA028KD2L1C6T6SXO,3RYB0N74ICR2NLJSX2A9DGZMCNRYDGA7P0DZ,2025-12-07 15:29:13.825954+00:00,MDK10U61WF0LHZCEDKQ696JHDM5IW1Z0AZKYN,MUPCFHL5DR79HI1JDTFJNB3UUQ2W9Z,E,DB3QLBKCVDO7P1MRYGOLUV8HIEWC32MUF8KP5H6BK4I7Z5K2C6N6O0FL0K1R,J,DESC_42,JFNPVZQQ709OEWVI,FC8IWI2V6E1D311P8SC8CS0ZOBHXO8R3CIGWJ42A351SCPLD,9038746,O3LRQLSG0BBCKUJASRN5DDM9W0KXEWCD7IPMB15CQNA,DESC_42,DESC_42,87IJVRZ9XEO1E1FBRAS1GO5VGIOEUDLU251EIRNFEI3Q97VY06CU13WRG,PCLXOSY4BBYWHPDYTNQVEKA6P8LQ6WPZ7T774DNTK,H1HDAZ2FVXPGFJQLVO5SPFN3,7366130,5070370,4636283,CITXE1JI9HBFIBLKJL460HVIE4TX3HKW0A1RQL5DQ9N0ONBP,2024-03-08 22:01:55.878457+00:00
"{""_dataos_run_mapper_id"": ""mock:redshift-inputs""}",GQDMD8LQSWTVD3GL8AGK5K0BVJK53N13ZS1CTBQ17C,YQ1P1NEK3X57QZX1225RBJIUJB75D3QYPD4,ADVANCEDSEARCH_43,ONESOURCEPLUS_43,518674,ADVANCEDSEARCH_43,FRFRZ,FWB4A34GQYKVCSNMUBKJEZUWDITGKA6AMN2X4DV,PRODUCT_43,PHP7U4Q02YTEHXOZMQN8DNU6P6QPWB7LOI8B6JJKZ0M83VCV,YTXB2076YST95Z9FAS5M0FOWF74XH3,CDN9DB0Y5XDJTPLOLB74TLBLRA2,WP1V7MGRAMAMSCMJ7NLDFQCB5W9R01JL86DA3Z4V6PQFN,GV6F7BE,NEWEKNOQ8KTLVGIOW0,BWXTSUMKPEPD57WL70P9EQFEE73ZFDOAEJ,QXPL3N2IIWKF78CD8T7V6J,ERM4UNYUSD2LKOXMQYSRPZFXN1HT7,OCFMA670O78APU7JPSPECHUV0BD6JDTDY93PP5NC8VAMUDQ3SEQPNW,C436CF9HOCL9XU5W,KD20QIC82FAQCSP3TKZ5MU5M0NKRUGAEXA81MD078Y,6451215,OJMF8PSWB0DPIJ7GAJMCFQPR,27Z,8V1LS39EPVKKHT7I40VFAE3HRO5HY4387C6FCY5XK8R9GNF4L1QGOZSTT34,FCX5PIUKXANT6T6MQQ147F4L1CU0AY20XEACVQSGI429SAPTFO,HU0PBRJ4SA5URAA6UZHS,WCQ3LDU2IK9GUM4921QLM8ZUUB8ITBU2D00PCSR,CH94OVZ5N1XIV93BN2O3IQUO7HF3SH99V3X,719.30,W74M0EHM1MS9POM09JSCUVGWRDKCHL74OMBG7ELD0BJ5GLLA8,GV7UXKPVZMNTMM6YYC1D6Z9SB80LZHBR,OANYQ9M75XEHHX3Z7SLJIH9GOFRT79DIE40NAFFPM9VQ,NJB28297OR0WGL2X4FDBH3PVGKM3Q0A69MJJU8BS606EDY664B5V8H69L0RR,XFDCSU,7600846,KIMA8RT,I3P4ZH0FHZYYHULQJ4ZPFZ5WP587NCZB3JP5V,NKKF5ELQH3WOCNQR9E2AD78EIBB9KZ7S9YKJ,2HDCM727O0XCX3VGFU3C5DPVNMHQHV8ZMH2ZZHAJBTX8,2025-05-08 01:50:03.427727+00:00,XH1UBM860700XIUD2GJL4N0KF98WE6R7Q5X,Q0YUJHUJMAFRR8OETT301VVUD3COD6AVRZDAIRM46QE535,H,NOEVKQ,I,DESC_43,X8RGRYI937THA541EN,PNXZ,4965646,MN1MVRYP5GF1TTVQDSNQ7RW5HP6BD7B,DESC_43,DESC_43,I3J69J5SCU78A6IJO8EROS64D6K41B6L9OCV06HAMN5LW16UF8YE6V,X3VDHCOGESB8FE5IMU3FZ,TZMF6LF2EFAKR7Y5TV5DW9NYTIJN88PALWIGMU4BBU9OJXV8KXW5V2GKS1,5891290,9905510,5589100,04VOEP6IBDPP66QHJAQ15QF8H25LU0AI8I7WU78WIIXQ8QB6BQ6A0WN,2024-12-17 09:30:00.827656+00:00
"{""_dataos_run_mapper_id"": ""mock:redshift-inputs""}",03RT6BF2083GU3K32MJOD072QDRJNG40FTIAICUTG5XY,EBJZZ2T0BD0SB8BKSDV4RJCP0KDP,PRODUCT_44,ADVANCEDSEARCH_44,99142,ONELAKEHOUSE_44,2ZNA4TGMGM6R0F9LN73N29VT121N9S9SU5SYLBI3J158UWF5A2,3MZDA4IB160UOBHMRK8SKIZ8LRD0XQ9SUI6W8VYR8YG33VBWUY9W,SGWS_44,J8UAL,UZ926GN809PSM4CUPQVFHGK0NFWDS68,E2BM,4BM5P5RKYCA0FSDC4KVTVR,BVX6S3BJBR64SNNN72EPLAM7OBHXL2VQATMIESA21IXZ7JJQ6ZB98JZ,E1EPOR76L3HZB3BE0RLDC876I8WRWA8LFSN1DHHJ35ZUFC8,06T6CBAXM6G1CFGN14R2HOCHXOPPN4VE0,FZKOUSD3I9XT6YNDRL949YIO44QYC0MTE8V1,27MB3E3RGKT2OTIJSIWXZD8PX413YV,5JVG6BJHTGXZVAP223YP03UZ4GIZOC925VZECWT2YYH,DUWGS8PU9TTY3GDE05JFWTVF7S9,50LPR4H41AQ5TXCSDAML5LLG0FVZPDP9APFHK,6058728,TESQPQ5DK1HF5VS,G5FB91ZLL85KKNA10EMEGS82MROB0TCF5OO7LR12BSDNR5,H4650PBADG90JH9,MCZ1FPC7TXTG6K90GVH5IRYYNZ2PUHVI274LK462TP6XELW15KPL,6GM289BCT7DISTQV3YZHBGTQQLC0MKTSQIBYHFVY7QL9FRZDG8BO,YUWL13UOI59NP5UDDWRWGXQWT834R58PAROJOASPRKHJLPR8QGG6WNGF6R,D23JACT37DVIQ2CRL,709.39,RLSVA2YTQ0SSW30J6B2MSBSZTJ8Q9RJP6B122PXIEG7Q7QZ5KCFOHSCD5A,3L5X3J2LYW88ML390C,2CVCMXRC1O,NWCI9WDAV1DZH18RXE90MJI6UDQ8AOMQ65YOTF6D1AYM,BLYK8GOU7ULW1YNELG58Y4LTZD574Y2YYXET7RNZCZD3D8C4HA5VHAZ,1326300,4041M9US5LU0A31444H45FSBEN6ZBZN24YWWPVPVLNS6K,1JK4906A9U8FFPJDUKG528HIOYO,SFO7XJHAD,H41TSO,2025-02-14 04:29:15.791152+00:00,FZD1ZPV82XII6QER5VIBAUC28IPN,N0BKDHG9JHN,N,WYMCSJSCNK882L50LNC4W3H0B7QQ6,1,DESC_44,88T1YXM8FJAJPDVC0YB9AXQJEMDW300MGV4D06S3RC,XO4YDEXUMFSN3L72OQF4,7129478,769LHGB499MHMZ19AQ1KDKWMXJE4,DESC_44,DESC_44,I8NJCU4QXQTX4RVIG8LKJ,GZWFISA0WMENGKUROJODPYMUYD965YTTA5E8XW0Z,0T1UHWT47D5RKPP22GJ98IIO051G50966S0BZ8NMFLKF6FMVT,3586637,7666093,4190022,4UM0EO56831JUO7ILDCIX0W5GO69369G09,2024-08-12 15:24:49.321297+00:00
"{""_dataos_run_mapper_id"": ""mock:redshift-inputs""}",3RFPJ2I01R,63XR46VVHQ9I5JDN6FVLTZFEGYYH33GHY9RP9GOTFP87T80SW8VW2,ONESOURCEPLUS_45,SGWS_45,802710,PRODUCT_45,8ERPJ33FJRR9UCFVJZ172HLD54PQ4QFU,3343IJJXFEP66BG5H,ONELAKEHOUSE_45,4SHG1A,G9TMJO8,9LZI9T7F1CYLE,FSIYZ73W1INUIFSTQI7WYXK6FM80IAZ3CCBV9UWN,XSDQKUBHJK9P7E,E0S5YV0GM86G0TBVMPZHNECVJD3B7FMSW0Q9OL1YRXW5HCODXIP8EPP05,7WLQ9YW1SV34CVTMKNZR9M4OKGB403K388VFJ5,SMSYCVIHY0OS2O69X00HCZ9OI1LB,NVNCA8LO1P1JF3ZJGNKP45DG16P0NICV83,QFUZZ312D76A9K,6ZMKQSS50GQUD3RPZUQ1OYM9I,AL0JHR55RYEJIYHEDDB9UR2MC93LBF9GLRQ0DK9I4TL8MCM37BD,9646959,ZPOW1LZ0SD6RPSJ0KJF4JHHM0BKAC2HDGSHOD7RJUAL6HEA2I,EQKW5MZ4D7AFNP04EHR1VFJNM3,Q095KD3X4NKVID6VRL782,ZC3XNA603QLUZGT04P4HQSW41IP46,YYD1Z8TF9V0YKF4OBQFI9BVNK,0WSVZZFN86AXE8DDJ14EEAFY7NR2F8YAJWA8Q0Y5I22ZOLOYYKXA,9B3N1ISJJ6K27IE8WY9J97QP,745.61,SGM2XB2R4I8MILM90QHKA,7QD2SN7V3PQR2RJ3X4F16MZNGG0JMK,YIDZ8K4PP6B,D4UEMW4WLR7HAQR6C18PKA3GZZVI7NBLW737X2KUGVE8WZ,TW42JDGUC27LLSZSK30R6N8S6VPMUI2A,8452235,3IAR5AN0,J7B6UYGQTOEI3ACR9S75EQLD4T3TO7XHISSWXTC,VVJZGFGJZD5PLLKTNG67ARIMVFG11A1V2VIUPVHTDBKJSG5YDKNN0IVO,H7NHQQT9439G8ZZRYAEY4AI8V2Z528,2024-11-21 14:53:14.936181+00:00,703,FK5L3JXSJ1011Q1,0,H65Y7FSOGQW5EQ3IPFKK7ZINZNZ2KL6,N,DESC_45,RZK6GTUGDHS3QQSGQWMGEJLBMESDRBP,TWJG292WRL,2353734,WW4S1YW6O4VLEJ7UGNDOL9,DESC_45,DESC_45,086SMC3179E6LA,TYYOKH6SQ8VJSGI4M633SRS7Z28VA,R5J3ZBJF9I,9226035,2506772,1160922,XSYPAQ,2024-10-13 11:18:28.977094+00:00
"{""_dataos_run_mapper_id"": ""mock:redshift-inputs""}",DB5,NJLDDUZ3EVHCREU3QNR3PTN0ZACRRFDLVKOSNI6FF7VFGI5LDAK1W3WY7P6,ONESOURCEPLUS_46,ONESOURCEPLUS_46,439433,SGWS_46,RBULJB8THG40EM0CWNZC6SPBRLZ7EW0JY1C9S,SRZMR2D7R1BEIN0VY77Z33Z9PGOI2YT72UJ2G8UK0YA7NER59,SGWS_46,HS8EG0G8EJXZMTHCSZY0ILU2AJ152ZU8PSQ2,FI5HHHECOPVO77G4I0VZI4C65PKRWT6JJA8ED1RQQPMVIY0,S250CA9O0JP7SYKGVU5DIM1,39PCSY1RWKGC7F79GU3IHBH510L2OH9U5VMWFSIAR3DEJ1MQ819PEKYFI1O,BV0NB5OUO5CMZQEIDCHVU4H21MOUKREK6NFUGEIS2K9,CMUT7DWIGVQD2CAW363PEXKB3ZNLT6LOAKOGMGFB,IEP6GYLDCVCOKD7LBB4A2Q6U8JFUN,UW2729UYRBB1QDJG5VX74RDL88MCSOP0ENU21H,G7ZOGSYK0WGMBXZVBK9G6H,QWA40S1GG2V1RD9LT6F4U14AYNUYDIHYLFWQS6DRF76,CQOK1DTY7HYLBPDT14252KJDZJFDUWNJ6T,0FZOOTUOBLNE3HSRK,8570714,3ARKSZWR,NKEMJIW3JLMOBLJIURAN1JDAPKYRCKYLX0C,IR0XGIEZL22VB7FNOPBCUEYSAI7PDU6Z22BQW,1LCGKDDZGNKV8DXN97SQP8VKRCM34421PO71TP1V,210FVBD7S1VYJCC,8DAJTFXK3R8G08TLG1TWO0U7H1I6VFMJKX,8I170CT468OIHRU6SQKAQJZ76MEFLMOP3NYW707OW0R9WUGH,78.21,BQ7VL3EB8PLXLPVQRU15YGJMYG7DVUD,R3XFCYU80909RPQJ1BW4HKGCA2RJH81W,1RJLLJW1GZS87FN5XG2JIZ654IECGYCDEX1B3RT,F3BHE11M31XOVE5KIV8IB2RBL2CMB5B8Z4GZYQCD73,H4KINV283P4BE1SWSRALVO3S5E3ZZZ,8614092,3JPGL8I1S7QJG5W2DOM10ABZHP5E7Q2GXDF3KSBZLTEW4G758YH,602XLXH6XDOOKVKJ4JOIGICW6UFJXI81KPQY5TNNNLV1R,811YU4VPJGUQ6BZ37QN3,302WA,2024-02-16 08:55:39.825141+00:00,Y024ZD80OUNJ2BV6J47EPLQCWQZO0GH5644F3HDZJFWL70ZIOE,TG5L3BF8CPQ,C,CLMH87B2NUD,0,DESC_46,SJ411KCBL4AEGI67TKOG2,0H2TZJ70JZVZRMYFRJ9KTEQOGX87C00,2079750,EVN81TUX7YB67C80I5B374KBV103BHA2UP4PP72CFJVL57Q,DESC_46,DESC_46,9UI4N415KUTCV5R2PHQ1KZI668N8DW2SQX18QBTL3VE89,LOOUT7E5KER3UKG138VN3QQ422HHV3LMH0A1QH,EQS0EI1ERH3D01YYYOFBZ7VQ6WD3U1ZEZAMW,9057246,331577,1323804,JOZNJCKPKAVLCEYT6TRA7I8W9UXRQGE,2025-10-03 17:15:01.697056+00:00
"{""_dataos_run_mapper_id"": ""mock:redshift-inputs""}",5KKNZM3FV6BQQW67NWFJBASXOK24BVO8A63BJTH6365RSJE,K8BKAV1VXUOGT4,ADVANCEDSEARCH_47,SGWS_47,405531,ADVANCEDSEARCH_47,5IZSYV,S6DXAYGLGYDO74T,CUSTOMER_47,GI9KT7MRJI6IFX7WM4DGYRP7WC9P11CDSU8A64QKZ8UEH8G1DFNW1S0,7343JJSVLOCW6WFFOL5K4DMGNJ27TDVI66CH2LXB36R7MO0FSXNDY06X76,ZZ755QKE7SZQ3J5FR87M322FJJTR6UNTW5WZA1GFKLVC,K8ULLN01GK5XYVPI79MDF5QIXP5,IUA7C0FOCZAI71E00FEV57B1GYS1CNL5C,G6O0MNNQBGIDHNF6BDABDQAEOFX66883DZ89AZ5GXAQZS80QQSVFS,1GSWQQ4Q0HXH6P9BHNU86W0QP6EF8T1MYRX28W08XPGEFU,YQKHTUS7ED60YKDCEHZ1M58KSJB22XREQ2YODRY1GHQTRP6XVIX5ZWCFTHH,ZF9AITGQ,Y0WATQL6RQTFY7,A2HOCRP7IMCL08H36HBF5DX,VAEOYHEVK4AK7GNC5CTAH6PW0MEP231KJX3O0XBMVNRU,7711710,DCMIO5VBCM0Y7NZSWKOXNP9P5VM9CR3BIX3IHSW74FTF1Y4AHGHK,YP0KE9CCEF6J73QMZ6S5XJRQIQJN68476IYRLPWT38HIHNMXCVX58BCKMTXY,1XAMG6YFCNUUYLUSN1L4F3AR651CS6VMQH4DZXKJBFMYCLX80DZC,0SQZTSXABZ1M2ENWQD4ZMU60X7V8EVW20ANJ7RDVVE,XHN4XJVJ2TO342TE7XJ8OEZDDI4W60JPO8U1O4YS15ZED,PETQQ0JOAEAG5U7O98HP9DD0RTTKZHVN13TAP5QBP94U,X4GJI2BJPN,158.71,ZDNL6Y07SXGHTTBPW9I3GXLIP7EYWKI84IZAQSFKUYF,602YWQLSFXU9VGLP2O5V2CET64KEMUA4KE0OYIR8NR0XHSBM60Q4D,LUN1MTLZDPDNBWS7DFTHT7O4CDUHRT19HRP4JR0B3TS8,7MZ8QBMPRLBA7FDYFZQRUA8WWC2Y8PB5QEP4E,QWER5638GQXMOCQVNT2Z3VP50GJTU92274TNEEOF6OOZAYD,2761772,4RNM48FMSJNKO7URH4BRLGXQU,DHTDHBZZWBHKKKCCQIO7NNHP5OE74,WW1D35MVRAP0KKATGWMTVYNRPQLQB1BL,Q478R5H8S2UC8CKEH3MCEHLGEOTI24,2025-10-06 20:21:19.693589+00:00,BAI20RFA90SNNTBXN57LUP,4DTA39Y6ZOC0Z8221MTB70147THJ1R1593FRH9KGW9RU4XQIVJ6KQN4,I,A1PVY0EZTU28O73,H,DESC_47,6709VXJC,OUB7KX6QD3BIZGRGNIGQQL3T7679TXWRKXM8,7216684,VUF2VLS7IV1N0YKIGHMUTV3YH4FDOMA,DESC_47,DESC_47,ONGWBFQ8DT4OHCO,GWFOCQYK7JTW0T0O26HCJ43LDKWTPNFPF5MMTYH6OZW6MSDC6Q2,XZA5WU7MZHCNJK3H7DI176APVAUKSDVOT2ATDVJ8VD26,2402883,7279016,4406181,Y5AFAYWRTYCNVA1BMYOQ9PH30NA09R25VRUNMIZW86E802OTLBG00MYJJ,2025-04-15 07:54:39.641913+00:00
"{""_dataos_run_mapper_id"": ""mock:redshift-inputs""}",1Y2QKQ8YS5PG0GTJEB07YL91RPJHUSWF7ZJSTMZ8IZLJF,ANZET9RNVSH2AZ58Y6QWU2TK3GS9PG396QPZEK5M673K,PRODUCT_48,ONESOURCEPLUS_48,624241,CUSTOMER_48,FSGB45TBU8WCBU6MEC2E5R5C9V4C4388GG5L0WPA62V5T9Y,HOR0FS88IMWTB4TTQBLGKUH3D7XM97L71UY0RXXF8AI1,ADVANCEDSEARCH_48,MD8AXBJOYG6LI21X56WCINPKP8E5RYPZOJI3WV1J44WJA2OHVOIMC6,DBZW693F71LGZGC6VWLN,7YK7N2U6IEY4ZR8IUJ9U7L22RU0O3HV3F612AA163TLP3HX1,RQ9YW5C9MQPZ1YRPMTNHARJX1X1V5R,SKIE5IP76MANRKHUIK7VSGB78XCQ1LX4CXRI5HUB0POR3DTR527PA391PE,7HPIU,FSHY54HPITYB4,MXVBEACO2TC587EQQWK9Z11M4EAEDJVO180GCAC6,G2IUSCYXGRSJUDZI3VAGVB2,39TLX5B16TYX5LZJB0ZKQP5BO,4FVH9JZIR07Q,MOWRZVP40AKCRV15V2SWI2,5782694,VO5B7X9D0ZTUD66D5RDBHYH5N79N6OZG7XUIDCUBDZMH0AQE62,7JBPHGQRE9XW6UXX7SDXJTAPP902CDZ6K7NHSSHCY0BQ2DOQXW45,A1DBJ0LMV8AAVJ2ZY8RGULLKKK0I2RZQXCHS6BUHI7BI8NV,X3O3HQDWNS5DX5FSO71QZQV5D1RT0I7QLE3WP1R5HBDYC9NOBDNFSAGQFL4K,X0FC53DNCY78MD4SOPAQ43JMCBTVA2WLHKI,P1VTK77XDXRH4WXHN890UAG2UNINTSS,JXMFBG9K8LIYOQV9BPP2DUDQSXRDN801I8OXUDA520J3CJ9VWN2LA9ZJ,212.11,ACONKP2IPBH88TMJSWNA1ROV4Q191NIW58IULJK7T1NB9UI,4UCWT3L69MSIIQE6RZPDLMF83WOCX,0GR61ITXJJWWKC7FZS71VA3HP3Y2,KIWK3HTESB81MXUCEVR76F32FZ,AWWTLA4GEUSG23G,8240598,BCZVXJLZ6FCREVH1L8,X19V1CK9UTM8ANYMW0SK96UR05,UQORT9L1J5S4Z0NZ8E7MYIM3RPJLJX55ZLBZN6Z2TISEIABGSDA39ZJ,LFQCTXYGU7UZN4AZTIX3Q4UQZXGV0DYQ13H5,2024-09-25 15:43:34.694990+00:00,5U8JIE1TWRBKTLH725L1GHUZQ9NIE0,K8YWJ1960JR85SC1JUIAHQ4SW19AMNBV347YZM1VR2QSVULED,H,HJER1Q9WEAZT,H,DESC_48,OJISRNGF93WROTTKRKLL1412EXWFIMM,IAOKOT5D6EZLC9WR,9065684,5T103P0GXI20Z10P8STKOU934BJL03LHCNU5PPT5HPGB1DFI2JMWKBEY,DESC_48,DESC_48,T003RVVBBQX015MXS6PO9J35TI3TYMEBPEP,SF86IFYOAKOMODU83171358PJZHJ78YV5OGDIIYYQSIXSSL8MSE7,PRJPMDNOU2QKAVZV7QLZEA1P,4592459,8227461,9640977,EP7REEK2YVV5I9D04USNZQLYI0CNMPI85XOD8IHXF3ZHJ13RO6Y3OYFAN5R1,2025-09-05 19:12:46.827272+00:00
"{""_dataos_run_mapper_id"": ""mock:redshift-inputs""}",UX4GQKHJY2H7Q0KVV2G8MEXMIQ7E0AIFVFHHD2WNU6J2EHJJOFH5BK6HFXL,MBGMLSXHGNEA4Z,SGWS_49,ADVANCEDSEARCH_49,794919,ONELAKEHOUSE_49,AUPBGBD0VQG13DMLK73CE5KIABF9NNGDJW785S9Z9K91,B9J0G,CUSTOMER_49,3DBWEO27FJMAFFRG7U90I9GF,AJTAR5NBL6,TPB6MHSFLR2ASPJAGILQZW5SJ9L1ZA8QFIE5OO14JLKJUVWEJKYC6,X1N6CPMZM5AL33PZUM5FA2A2QJOD5M,LJGE9L,O5DMG6L4W0RZOTOC8U1Z2UELEU4GI007CGNSKVGZ0JLNQEIHU78XT,KDFPD9GD,Y2QNAJEFU0GXYXY6MC3R1OWNWU33TSI69FTJSJ30J4L00OKLS02VHBVWD,QE7N11H8G3YRELRSJ8,XENYHKRCOVF4K0AWQO59Q,I0L8,IM36LQJ8GO28G1H7PQXO,8021685,8PEX43XG5O,IY4SGM50URMKVGBVKD9VQ3,Z1UA9IHIZI7JTDT1ITAKQDKAHFR0AJFPOF1OAEPF3S1ENE4SI,ZQ1XSB94T,QX6T0GRLBMBEDSX6GOJ16ZBGNZMMXKHYBEXHZQTUYIW5N24NMGVG,LPXFRLPGJTCGXAHXXLTF5NB8U0PSK1V5P5QUMNZ1K,0IPYX7SGE6TUYMQT229YVLU7CV0DP9EANLTTKP318OW0E1XY222G,767.82,SUV1TCX8SO4UWF839PUEDU0,8LIOUDSMJVGW1JQ841OMAH2WC0E4NJ9NVI0D9P,QGE844EWO,92DRZLP0XX96MLVU57U84QLZE4BA5WDW6,7YG4TM9PBR5ZL9V16WXC9DI,3248325,E5GJKC34EJV6O04WVK9O5WFF5GIFA,YFBL4TGGP698,H873R2EFFRK1KU2VX3CKXAW6LFOXZLQDX4X66D1,DGZJ7RDCZX89U3E,2025-09-20 04:16:25.018984+00:00,AE61LTCGIGD3U0V4KHCRNUWYMS81C4568FA42A524D8PNWKLU5TVL8BB3,PJ7GQSE,S,WYRRDMDDPBEURTLH8MYSR7GAZUXERN0NTXPG,S,DESC_49,4DGLOGOIURC85MC,0DATGWLHX1I3L,1145263,HX57QJH8XZ8YQLGKBRVG08W09YZKKLO,DESC_49,DESC_49,5J9JIZHE2UOO3YX21IJLV1Y4JF2DC4EW5091VZF8KVNRYU186XBHAR69A,DLWNUJJHM47AC1UEZDX,5DWKOQYCTQFWCKMYQ9I6LBT,2268273,3135282,9547938,LY47F5VNUFQUZ3C2NZSWZPGD32HGAIKD4ZQ,2024-06-30 00:58:23.142641+00:00
"{""_dataos_run_mapper_id"": ""mock:redshift-inputs""}",PO9LTBW811ZY9O8FJQPFCNC9DYAO2J4ZX,MODLLEW8VGQIPG16QL604F3IXHMCHJMPIIN,ONELAKEHOUSE_50,PRODUCT_50,485122,ONESOURCEPLUS_50,YP3K29D,8L1LF6PIBVBL95GF9F9SSS998IY3VV5PBBHM6IK6,ADVANCEDSEARCH_50,TLR3VBNDS91INVWS7,2JOFM2BK3HINPV3XR8VH8LPA0KDE860BKM1N4B1,Z7DKPS2Y3A32XO5JS7WII3G2HRX4955MY,5KLP19HCSYOSZZKXEEN7HT,TXQLAVZUUC7N71V63XVRX5S0TY5DLQGDOZLXQXGV69G8APCEKR4W82K,CSU1YYJ1QL854Q,TML5GCYTP3ARBMJR0HESPG8QGLO1W59VJ4LX7,75DWMX2KW10UAK,28PUPD52FV8K1U21Z46RNPHCS9AHC4VJ2J5N44PTMC7,QVOR74F8DR32684G8AG74JC1QCS3APTG24KOPDRAF4Z5VO,H5DA99GNAHSV6DGTUH3S9U2F512RRM1S27M9RM578LXD61NT2E,W9ISGH9PPYBSHY6GM48IDVU229XFUPGCWV6L1XRVTTUXIVGMX7,4114260,UE94S97CUPO09ERT6AF1IXIHDNFPWIX936RTFW9NDW7UJG4ADLHAK6,EJNG0EB6IIMK07UEYUWOYKIGPFI2BY,ZX153KFLIQE8VHLVOFIW43UX734EY137VZONZOFACQ0P,CP9,26WM8JA16V94DG7,1H8MLCZMNDCHV5,9OPSN51ZGAZKSW7AN1G0O15Y6MLDKU948ZRRCXFTOC,135.78,3NXDS30TRS82YW2BEHS0FKUKM,5F5ZL5B30I2K0M3N6PA5O1GBIH8RPGVANVYZHOTEMY5J4PAI0SUX,7CGL560OT4AFF8BQXSLR4X4IRYGEHG0DC2XVKKGNFHN,7YP5D5U8QPNAVTE,RZ92U,7760302,BLNJLL0AFAYBPMCTUILKAOT50S7DHWR80M3O950C1K1OQ4,G8W2XND5A3MW0PSAB47JG3BIIOBGIHAT,9DLAMA,MAMB63DPONNOBJFWMIUO7HJEG9QZ0DVE3BW9LV45G,2024-04-10 20:11:30.689926+00:00,KEE37S4P0OE9Y18HLLPW5CE4,2EE459C6E9QNMBPSW60G8Q,F,MOWZ8T6SMHHK4UW64DGOPY512TGN9PK1BAPRDFUQY7HVZTI,A,DESC_50,FYXOPIPMP6LGVTVH8IS,BVTLR60DAP6K27YDUD2LOCRSL84C40YY,1782133,E60ZNW51WBCHNKNLWCRVPLTYZ9QO4MN,DESC_50,DESC_50,HK7434QUJUHNWKG8NBH3OE1,MXGCBP30QFEJ35D4J012HDG0J6K9YZFDZ,ZE7YZWYBEPXSOBVUYV4ZJ5MQ6,2045522,6440198,7062626,SF6CL8BTIQ2UOMQFREXEZR8NZ8517K8J,2024-05-23 08:52:59.431076+00:00
"{""_dataos_run_mapper_id"": ""mock:redshift-inputs""}",QITP77VG6PHQGTSAH6NOGI2L0A1286KZXOYF2QKX062DB7RY0B36RVII,QA3V6ZV6IG4DN2R90ELQBMTRPLLYG0499,ADVANCEDSEARCH_51,PRODUCT_51,836601,PRODUCT_51,4QNLCXP2CRNUQT8YDG6359I1NO8SJL02LLKQUV9AW08SF93NR6NB2UOJZBY3,TWUT61LIAIXCCMFWEAJKN74T5D7ZKKQBO3M9F,ADVANCEDSEARCH_51,4KS51GMQBKHNCKDF,I8TLW066U4JL94Y,KS37YFUM4DGQ331SJER5NVPXYEACGK1YPUKWMECZQW,L4XZOZ0AUMKAKBHQ86ROKPYQLBYPD5KOVH0,XMVBJKZ7SOX0ZZKY6A9VDXDKIIB18H7X,KUP8XO,OKVR7AEPUMMZ6HA3AA054KVAE,POKQSA8W1QUJDLX73OQDSRG4DCUL65JUQ5,L0W,K98EDBF886FNZF315AEWVIIYT7JWD4W5DSG634EKBJ4IFZ9,7FCI3EYKPNKGKEOTI9VAHCZJ492MLUYDKUZ2YIL4X5,WL6UGRGBZKMDFTVD53UFYR63PUH29610NRANX72WS57Z,5950038,2I0HJNX2MU2ZEJTRYDUEYANY,1N5KN9UMMYSG49K5B9TUUNJCE4MUCWM5PBJ7MT47K082ALE54LPLKO,E97M70MQ42O46X6J4UZY3FRF56K1I31GNNO4MOD2TCXDVVLL6TT7L2,VCW82O5ZB5K3M4T0XGIMZ16CN1Q30QFEFFBLRFDC35WORS,0AKHYLE4MR4KDO8XUXTPWC7QPJYMDWL,MS7A6RAKT7EH6ME,25CKXPGNU5EFS1AHRRKC4J9RLSQT,784.24,CVIAI9JOG1DBY2BCF4KDGN14YTA0S,CR15HSG7ON57MP0Z9,TWSIR69YFK1NV9AKCP1H07C2RZKA8WCHLR05YAFDWKI5ASQPMGNT95717L,IQQUXEYDU8F406V7KIGMC,WDOKSGMWZWUAGY8UDL1EPQ442L771PU0PU0PVHSCXZAS2VW0YKK1TZ9DZ0G,4736162,YYST0ZMEJDKCRHGOIDRLV7R9F9ONY4Y68YOKBQ,QDJQ8,78179HBSCDGSL5MXNLCA1J9D5U6P0ZUQALODJ4NSH2A,B2FYGTNZ8D998OSE53XANM1Y0QSBI744ZQ1HVSGX,2024-10-09 13:42:08.082734+00:00,7MYAERWVZVZIFXYP2KMVML1OJQ9SDSTW9,S5LM4J02H,Y,O1E1TPCGVKMPHDMMEHVDFO0MXPHC8C4GDFGMTT2,F,DESC_51,C90U4Q59UXTU6GWZEQ3TU8D5QTYYEA0YRY1VSP9ZUT6Z1MCR1BPY7,BCOWB5OTTN4SC5NXDVVJPW6BECWWUET2J81S57M70114P1BYCGZH9JAT,9057961,3PBBA01Y1UBI5JAJQFELQDCO3F5CNXHRRMEWEDDAGOH8T6O6TYFE91KQ6O,DESC_51,DESC_51,4M3CXK5BYK17HDVFE19TEKQPMPP,BK3PJ2IQQH3X6MKZNEXGIVF7XIDBZPI,P7ZCKPAKRZDTIXP,1331682,6579751,6037708,F25UN7D,2024-09-22 09:14:52.481841+00:00
"{""_dataos_run_mapper_id"": ""mock:redshift-inputs""}",CBOQXK6VTISSEX2WMTH,6521TZTUERW9ET05MZ51E5ZAI2KSXDGBWA2VEZPLB0E,PRODUCT_52,ONELAKEHOUSE_52,979604,ONESOURCEPLUS_52,6X597L20XZ9TDC3EPTHTKAC7PGQ1YGKRRI4OUQF0CR47KIZAE,32XXHSFIIAJ34HINA59DFITSDH86FKLYO6C7B1NGJ489Z9UWS,PRODUCT_52,Z3O22943G2CCL8BLYCSSW8I813RDF17L12WBXQK8N01SZ9,07G25N87Q0WAFLU7WGS77O1MVK13PXIDGDFWKTBN36RQ09ZC1609,OFJ245F142NSCYGMTXM9CPOAYF0X3BCAXO1YQC52EJNUA4W7M2DHEBF1,XJ7260L261AR50LF45U97S49OYLGED,KR1U4O4WGD1YPH01GE8A6VLVSRJ2LQA8J445XLRK4DDAD,I3BBCGQCW0XWO3XNDSPLSTAPXU9AKMQLMC3UOH2DWSSULQC05A7KV1JTMML,EGVV2WFMPCJYAKN2IWYCBYUI4FV6GAAFY,YSII3M2441LDC8WLWWXUZ9MT7IM1M13PL8,T3RP12WSO4OPLQ8BW2NEC6NTQAAF8GUCKK88Z,0CW,NP8DSDGZ7VDR8UQD3KR69CAHIN7JMMVJPH6OPGW7DZ3DNCQ,VFKD2R5D7FA8ETOB8PHENSYIAOFR8KRLQKKWDN65GRRTY8H,4700695,RBGDSQP0W520V3EDSDK4WTD7W773RMGCQ6HPV6ZBHHHEB,AMTTIPFQ7I6R8ZWAXQ60HL6TTFJO798K,NQ9PGL3Q59DOQD6M5,DSI8RMLFN549Y1XVX31H,TF3VMGU9Z,CWOHB7UXRXN7Q4KYE8Y,CKC8H9LRCNV474ECOUQ9JLIZ4Z0KUK4E,347.20,K50CRYIZ8S2P2PY6M6A6GKCCEIHTY157H62Z1,8U1KS6IPZ26PIMGHTDIPTCU5MJEBFMAU4GRV,4QQKFX925UCJC,8XCR4CR09JFJST6SA22P2TOPD5S2XG7NS3KXI3MID14IEIWESS3ON,VQPKEZF7UQIXEWA8U9IC96VZ8Y2I62FMBP8WLMG4L4BXXL,6062684,F6ZHUJ2U1AJWOA,2HCWSFE7HAFGEBTTF1F81OUFQ1A1VJ3D4XMIHYHJGZFGRX,DLSNZN04V,8CM6OFY3O1ITSZM5ONEEGV7NZXBUNKBHYUYIHBA,2026-01-02 08:14:24.572518+00:00,AS28,T5MJ2CKPEWRUKCH,S,JPSIB0BMFK362DCY5Q258P5RV5V8QTEMABN6V,H,DESC_52,XBPCVCFCFDWKAG68UJRC95BDUYBVE,HSD3DR60I9GTLTB001YIEJV3NMAZWTI7BCF373G220OQ41NE,9240039,7A4QRIRBXR93MVSKA32NG6M6GS31US4TLVEYMI,DESC_52,DESC_52,8592ZXJJQLPQMY725DBHTNE9529Z25QS4I3D0C43UMWQA0EU,WJZS36V831STI4DJ,3Z85S6P1E7IBCBSHDGU0DVWFB4XMSHJ30RUM0Y5OOTOHFY6WQ18AXVTR,7658163,8772631,422699,3M3Z07HQ61E3IIPAI5P9VBG9ZCU98FWFLHVFRA,2024-05-18 11:48:15.309337+00:00
"{""_dataos_run_mapper_id"": ""mock:redshift-inputs""}",P9FTQBEIHJ1V9PMSOJLU0X7XGCTF7QIRVRYYHAVFV4NMBX0RVZA,EOU5IY8VT,PRODUCT_53,SGWS_53,284051,CUSTOMER_53,LXC77AMSXLMVJLE36RZO2S38MWX9E5YZTRO4XT230G6M9CI5OSYZY,C0YLXAKW94IWCRL06NC12VI76W8YCLM7THNAWQMZ3BPDC,CUSTOMER_53,F99YQ,K2PAQGUAVA3X6E4BJNL2EQ06USIMX,MZ9T0AXKYUVKC4TB7SRNIHD,O2AA2BZRY03P52WZJF6TTI7JQUOEEJ0K9DZK,1R3UHQL52BWHHPU,C075QHBAD1A409E6ESRZPQJBORWJDKYGHHJN8EP83A3PDE5RK2,C4EX8XAIG4GDK05F3HY43C1BP15VSAY1K8FB,5XK2CRIWD275HC4W0RPDC4P9,EDDEKL7DDTXBMFTIXPJ1DR327JVLX,7HNCEW3CS9E9RN17YHT2NQWBF5M,AZDMOK8Z25OA7TVUCFR4R5H3AHXGC18NN,O3IMHD7KB4GL5SZD9A461DLMDPFL0GVB7SRG,6035310,3S8XKFUBFBQ29,HAEQ2QZFHBRMG1YJXOC64VRT3VRM9HHYP1CXGEEJ6TTS3QI9TEP,L4FNHLL,QCR640EDF,DHUPAPIHCU554SRKQSO4G47NR0FVM6ED,SV25387HD6WXAM2IZPPYTO7KIUDR8ELAF08R5ZO871L1H9UTDJD1T,W5DSEBH2DLW,632.22,RFY6HKJUZL2TRQA,5TGGD2U8BC9KA7LFGVWJQT5VZPX1WPXF4ZAP,ASL2AZVUSMLO0GWIOT26IZP,VKNM0X1BM7L7WGXJVDG52CVA59EAPRVRBKMT,Z0RTBPTQDNXMM1SWM51DIYGQJRR3XEP36B9NQLRXKI7VUJ3NYB8IWPZ67,7157429,2GPV1ZRJ9HC5HTGHD10SCNGO5ZG2V5F2,U5LGG9W4NUVFVTCYF5UJQUXD7N1KLE3E,BW7681F9M92,0KWFWZU63U4WF8I9VUYTT4J0EHMGD0KVEL,2024-08-08 13:09:03.564240+00:00,BO1R10VP0YHW220URVEBBRLF19F7H7TF0JVHFMSTWJW2189GGJ,UN2T0FSA5UA38H333ZSEG5P29Y2WXK9FG,E,RT0AWU7LHJIS3OGE5C9H4SO4IGHPY,N,DESC_53,I8BR4QO4KKTAEY8Q695WV,5JO52C0L8W7RR1XHAE3SX,9604618,FWFE3U9A714I,DESC_53,DESC_53,FXSSNQTJEX3AYPUO98RIDDTUHP7IKQAHQ0PM6JCINIHLLWZ79M4Q,7BYETH93NM403ND2GQ5P6WFFPG2VW4YJJL30,Q9YRXCEPXC1IFB4VC,1602945,7452584,5991676,VIA2FBAZFQSWYEWEMJZFUXZ8413GY5ZZ66RN4M4NVR,2024-08-11 03:33:01.550077+00:00
"{""_dataos_run_mapper_id"": ""mock:redshift-inputs""}",5QZ5VI0G0VR7DCTYYTFMY4CSWF2HDTR5I1JNCQ6REQQ3,DG167AYZYER64PFYSEKUU1N75MD1UW9O1TD0OXMYQMSWV8VXIK8EDNL,SGWS_54,ADVANCEDSEARCH_54,859105,SGWS_54,G42AAJAYE7RXWCENWWT3COE8VYIHFFF99CU01P86FZ02NWBX5O,6EIKOA1536RZ8KUZ92PRSG10YVVUEG9IK0FR32QYNKVH673580Q,ONESOURCEPLUS_54,86K8V3RTQNH24CWPUD6QCCY9YZCSWPOF8KXDA,691GL9Y09GFY9REVTDWU347TKEUG9RPAWIB43F6RTLWI,S3D44D5D4S8T2725CJQEIVUL8NK2583M40QN537CK3N30AO9E1QVHC8GL,PNB7H53V3LW3W1WJOJVU9P86PCWGW4CUTIBIRD2OC2Q0C1MHSZ,LTHF0USVKLKA1HZTZLYBAR3P76EV543GH93ABB9Z4FTHZYB9AC,UPSRCHT9KOBQSRUMCVQZMGKQELN584NSEHNWDF005DX0HZAFKYEW4D48ME,YJA505F2AFHID5MXKQIBZAIMLK,3ZTVQUCO4OS88RK15WYI9TKFN059W6OTWLSCIQ37PZMM,MDVG,5APP8ZFLA7NNVHN1PX430GNZFONVID,1CWRDN2W0953A9LZE5W7LOOJDNMLKL7AOFA7T4UR9HNA,S3A7M7VPC37O3519F,5652595,H0RZ7T2K9WFW6PGOO3IM2QF9C7A2FA,UB559RW83TRL8DO1XU7B2ZH9C1ZW51,O3ICLBNVP9O1VVSYEGZ,JF94KCIJYBGJVOJW334S06EG4G9YCTE83V9W,CQ63QR5UGPBW5VO440T3X2TJ32GBPE9HU2ZC1E1MMPDMLJEU2M3R262WAJ,RRCHMUWBT43ZY5CUIRUEFRMPHQVHA1G821QCEQPAU8CEY,6TUGNZHE0XDUHXM4VO0XP5E0W59F,155.25,EJZY7XPVT8X4Y0JR2V2UXO15C512PFV,L0H5QVPUWKR98BB3DTLFMEZY6N7ARTDMPGE1ZERA3S60FM9EOAN2MU4,D7VWG78QEKDWC3Z69O8PKWD3MOUJY98,YVB9KA0VRR77MKH66ZC0MLS6STW9YDH11Z3EVOB4XPJDHDWWMGVCB,6JVCKK10CMP10259O,9575617,VQXIUR653M2BW26XSKG0L6N0IRZW26OZ6A9HAXXDA8ITQYAUD8H7,WI4YUGK9JONBZCSV69P9SOJUH50FQTQWR2C7XC2BB,B0MT,1H2QSS7LNMPMNR,2025-04-07 00:24:29.278673+00:00,II82ZAUSIKILPHYE2PZNZ8IDQ8YT6K1LQZB2R3GZZ6JZEXP15K6FY,LFCPICZ8CEUHY3GXWQYCIC4U2YFHD4VIHASDH,N,DS5CUKIU256G78R7XZT5TMAED9W9DR60RG5,N,DESC_54,FQ5V6BBOFQQRZUA1MGGOM021OPBWOZKPPEQUYQ5N31QJ,JZW3DMR5G19RWSHNDX1TCG5C7YWL9O502E,6838018,E4GT78LODGJYDOCGD64UJZ0EJJN5OY3SGIH6FSYF5,DESC_54,DESC_54,N3J3WA9LVFFS3IN0MPFA7SMX8F37OJ398,ALS725ZA,8MX5FDGJA85ZHV9GI444VV20NUKMS4ZR71LYNV,1043325,9045539,8048738,G9A2XBAARLMOJATKXQMVLZMX1QIXAS1UR7JKX4,2025-03-29 02:19:24.780224+00:00
"{""_dataos_run_mapper_id"": ""mock:redshift-inputs""}",M4EACZ7IUKW4GJTYY1GUNGB9W1H9D7,NP0QTR2IVHTJ6OTFUV,ONELAKEHOUSE_55,PRODUCT_55,24658,ONELAKEHOUSE_55,0E97LSGBEU,E7W59SYRF9,ONESOURCEPLUS_55,VTC9K2FMIRORRKSXV9LX6MZJU,5WKYHGF5AHHSJ6XFLAV,Y64HRTXZY5N49M7JICGVUQEOP1TCOQEMXWO6YLXBIOKVE,2GL1OG8ODAJZWXDE,Y5YTEHXD12DO,XX1C,0V6X94EDK3URKCSNHPJWNVZCX,4TP0CR33A0FTPO5J4SGLULCHNGPPI6DKCI9MV,JBWIK5DAT,PXNLD1C4MU4LFD5,GBX,AK5SYQ82L3M4JHT581D6ETYYAI3QYLMOYA,6601438,S7AB7UDM4B6ID36PJ4126PEKVU8Z2VXO4,5T99JQFS2GUNMN6UE,9C50TXUB3JTN,IJQAX8ZD3QGMAKP2SPYKNY9VL7ECV7XWEZN1HMK39Z4TNRX,KSNNY7ARK0U,DV12KIWHHIZBCE5T9Z98,WHYOP6GB15OLLNS0FFW151,462.48,FAL1EBXC2SD88N781HB,3E3GIU83VMMFAZ97KIM814HG0986M1FHOF91LA254KLOQA55V,6W7P2CZ3N6NSZ778PSC2J,BHVIAQU79LXDWJ18U7FHAWIN9ESTDOIYSOX,OXQKNR99ZMJMH643I7382132DOGL53MB208CR33HQ0Y,2520799,11SFG8KEWL,2YLB5GHE1,V0V3Y4OMWHIOPQR94UCQRG9BALDGGJ916LSR3Q9D44M504A3,6H2ZIQ8MDB6BR0Z4ZCMTYBACBTHKGY,2024-12-26 08:53:48.808202+00:00,NXFHGIDDF7GTPOAUHJAHQHILSB8MYQ5LUSBTEHG5D10LIZJPSOHFQ9J46J5,UYQ60QN41JREVNRCC988DSOYEAM3LR358E9G,S,C4FHIJFC92O7A5IUEPSIVFGUU0GCC5BWCUK5861QBSDCVFR2REWI,N,DESC_55,TOT764WPKK69J5086EAITTDXB7XGJDS4103M,Y4JXX4HXZ7JSHP3B9HDE6KKHGVYR1N3KGOJ2Z,1643847,BCM5D5T54RN2H888JJHCSEWMP0J1WU97LFI5,DESC_55,DESC_55,9VB6EQ0BWXLZZ6GLP9ITQ0Q5CEEUM7BI03PFF5NAYZ9PRSMCABU263FK,PHMROJJ36THYPT518LI1V5HQ5DFAYCFD4J64,M57MVGXH8CETMGTLMJ9J7VFIN1Q1B5MXRQO3OHR90,6920921,8548062,5560150,82FFSG,2024-10-17 06:18:58.975336+00:00
"{""_dataos_run_mapper_id"": ""mock:redshift-inputs""}",PD5XXDM9K41P18J,YH01G2PVZTV761,PRODUCT_56,SGWS_56,357644,ADVANCEDSEARCH_56,YCICDGBYZ7ZIF9TN0EFB,WQFV9JC6,ONESOURCEPLUS_56,UVP8S7FODUEDAOW32TYSBKOTFM2KI9DUV77F53R,GIJK7VZLJ80AJHV1SZK05L0EHHGQ9YNECR4V1W2Q7YKYVSSII,VY6PU0YB6YELC,OEPSEE55VATHF9HN1DCR49D0,PJNPV6WCX3IRBKII,CTZHB21X2H7BOP48,4CYPHY8QNOTN672XCTTFQA6EMUXDCN72GD,1EP1V1HK3O7FDLNZQH6LRKADP4RD2FDWRNUC81RO60MNBR2660,RNSQJ7DWSG4M9TVO2W7LRA66BA1P,9JXP8YGDGVNNF7U1K,84CYO48JMUVQTR,ORXROSGDXD4ETM8U0IURWD05MST9I7E,1785293,RN2JFTZCYGCZ0C9WUSY6PREJ970420,A9FGJNJEPV5V3C7VM7F4QWP0OC3Q0G5AI80U263OYXZCDD1TFU57LG7LKN,I3SHSLBSKLH9TUIAIQPCJFWSW5U56AY9G0PYEP8OQNOHC,TP1TU2A87L5DMYP3OS34J4,HF8VPYPDDZ5OWFY3730T46H709I67JIJI83KOX,AWM6L1N5TMLLO5J5FI12W429XKQNB209AHOKQDOX34XLMIB1S9I0W44UER1R,9YE5M7NWF56VCZLEIXB4VPTLAB34EXFHVZLJDKKCV6,168.19,992DMSN68PJWGRF8C7U2RYMV76HFQ16ECB6THCGGKSW4F9T8JC,9L7QFIEF9VTQZUUR8KRC9P47SPF5JSWTWP,V0JY3UW4SJ7Z85O6ST8,70GAOV4GYF0HJP39,YHRO2UDONUBI5,8128297,EUR611PMY8XWX64QYO6MJ,F017CJTI66NVGX3AM055KEY3QCS431D7HH,MFR5KWI369QGJJB61YZ6I7URISKN0UT5P,X46W54FKLT,2025-06-11 11:12:30.725700+00:00,TOAOR5JTL18GL7KYES7FZ4O7R1DUQAXWZM9DWMDTUF6KS9LHY61OUJG,KXSGSA901NM40ZPAUIP9VE65CJDP1MPMJMSQNPED947RA,0,6AE0TR54BOJOXRQINH0L4DKE6IKI69A4B,I,DESC_56,X8UDTWTS346OB99VB3HFOL0ORA9UQH8222UY3X6WT8MHYRCI1JSI,WUA3VCI55U9RXKH2L0UREY42I19KMTUSX7DIJAOJ53Z8A,8206288,K2O,DESC_56,DESC_56,TUHBT7A65JZRYZF9TT2DM26MFJYE7QBSMVH93CSD2Z5XFMLRZ9SG21TGBWMO,K69TYR60WPCLHX41GATSK6Q2IHSSQ,KB37HD6YRZ20UGALQ499L5OEX1ZUOL3RL8D3LW4E7UNGXTMJMZNZWVPOMR,8865682,3638987,342079,JOQ4AOKFJC3ZGQE212QGDOO46,2025-06-04 23:59:49.590045+00:00
"{""_dataos_run_mapper_id"": ""mock:redshift-inputs""}",5PG4B,AI831ZQ,ONELAKEHOUSE_57,ADVANCEDSEARCH_57,299420,ADVANCEDSEARCH_57,X1RN,4340HCCDDT7OYKIZEOPW70I,ONESOURCEPLUS_57,H1U0FZJU4741D6NN7P71TRPQUTCUNC2EKS9OMGDWT9ZMFA0CSQFO0AETVH,AR5EHWDBNJ9LEW3YEMNDORD0HMH7MQHC1WAK4APRJGNE6T41JJOZC,KQ9GVTHEA8B0LV4L2,BN56JZ6N67ZJ6BGJKH68ST86SZQKKMYQVNMRH9NG5W7GHW5D7ZS,6OBRPL0UNDZ00MW20U1EM5S58,39TSO7IIR1YYLV3PC,L1MTP,LAIWV293RSJ1T9E9CVAW3FZBOREN1GIORJIYL,K3DHKP85Q14H9IY6FKZLZ86L,6CVIQAUYN9ZF6XGT77J,WI9348BG7O4JMRR83XFLJJ0PBZ6J,FZ0K75PANBRKSC,7995836,U2RGF1T66OG5CFFZVAA8CZ1BAPB322V7AJ34EFMR,OIFBFID9QFOSCUDCRCHVLXR,9ODNE3G95NI8YHWK83I32VDAT8BBA7L9R5BZOZIOMB5TTUW8XZ3B3UJX,NZOKAD01EPM4PH5WGIH5I20OPBYR5,4AQLR,AYC9HHBI6KSKF1PS89JCC0E163LSJFXB1RBM2NMYA73,4IAE78TY12WZT6WAW0JNAFL94R3LNR9UBB5P3QK6RQ88I4E6N6E8,828.88,6MO08Q0DCPSSMUU7B2BTD49OEOQY4JQCI8ERUTLDV3REGA0F9U4UN46WC,YZ9I3R74KRD9L3HHWJVW2M0S23KMUUUO6TYQJURT,GZRSJ0MOL8LTCLWQAKDQFM2OZDVVNFCVLPPBX2TLBPGKNB86K02GP2QF,60HPM07J6UV1E56FW80XMSX7D79Z8UOTUTHEHRF9854DU8RDZ8S,CFE,928682,LCVY31,9GNDPFC2L12ZXHXUPMJT4IBCJ3AQRP51TNNAAPPFZNR2BQYF38,H0YOWRZVHTXZD8M0E2RDUPYA8WO8DEAA1SES34PWED,2QXR1M3ZPR7PEGW1D7VP6CX3QVVCVI8ABQ1DMSM9MNZWTEZCTKQ9B8GE1I3X,2024-05-28 07:35:00.126701+00:00,B5AOJKJKF81Y8SMM5HJQ9YS7PD75M259HG6EJEZ4C32CJ,57F2OW8PGRSJSU4K7CG20FJCOU0AS1FL5LG863TTO9EEBW,1,9U2N742T6OTNUH3A9DGXQVZ60Y62X1,J,DESC_57,OPWLG9XG4Y13AK9ES1L7L9D6QOFDTX,6849F6DSKAWHG4,5580867,M5QPF9Y8SSF4FRM3MF25,DESC_57,DESC_57,X6AKFAE8RU4URMVYC9ZF1CE68,D7VT3DX5CQOIEZUJSV8ZF4KGNGONVAJ8JR6J8UIKCX,AEG8D,358223,3013459,680172,C6TJ7WT9D7Q6SB2RHZJA6WCWVZY1E57IMHJG5,2025-02-28 21:43:15.396163+00:00
"{""_dataos_run_mapper_id"": ""mock:redshift-inputs""}",B1TZJQVBUN03O68RVU7FX8CZRPLXZ1975TS8,VKCOHTRYYAGLR5Q5,CUSTOMER_58,ONELAKEHOUSE_58,368188,ADVANCEDSEARCH_58,1RX3CBJH99UQLZSWBX752CZZ928A0V5E3DM5C0LECB24AUIDE1,EPDUCZYLTQHFA75KHO4P7VML5P4WMAFELOZ4VSLB2DCS,ONESOURCEPLUS_58,WXABYRWGW64,CKVD3P1YP9M7CBM5CK1057EYW1ENNE8V,0MYCXUZ37K1CIERK0AV,TB3GS,28TTQKVOMTCRVS5GUI,A6NJNUURWATY9OCMODYCUZJAQGRYS5W3KT4ULTP,CIQQROMVGV0GYBZ5NPNZRKRD,M5YLYWMLYTT2GVAYT2X1M75QBZJNQ4FT268,3CXLKRTMRXDR2,1U95RY6M6CLTOCDH4XUDAH1J42,IQFOQTXOUIF4OYBVGKO1VR9Z7UX2FLEEQNS,5L1SB3O6IGKFLCZJM2K4WKGCPVM863SQHKI,2374428,89Y8W,M9YXICG0A5TUX5BAFSQEAM9Y3HOR,13NRX1UQUL3K81K2Y3A88W,V4QZZ9ZI8N7PZ0KY9CQQCAY9NEK1LG,D2I3RYU3NDMIIHXV0DEX8RO4W2GSLM,BJG2W45OFAJ4ZU9SIQNTAXKK7BM8TAD00HDLVI9JQRB6WOMBIJB5CCC,EWDGPPMPUKW98QCP7B6C1UQP77T29FC4ZT,62.04,7RJN,IG22JHLS9M1YFK91H0,HR67NX1W1K52H0MGK2ICICNEEAMK9KEC,7CQ3FFYV4KW9YZGNH8BX7RA,07ZHH33QFJE69T750U4H0050XRS1X6MPA2XM,729841,MKW5JB0QWUSTVIRQEBGCHNOPDN7AW3FO566ZFYC,ZCP2E99,RTP2CJKDELFWAO8W,ORRWA7CYGNJLGBGL2LV,2025-07-18 04:58:06.630194+00:00,T5VP7QE7RJ5N3EETNS0I80ZZU87QBPEMIGB5AAWWCQPWWJRAD,S9HWDGS8F3V2GEADM,C,JX347L7BW3EVGG6Y44VIK,I,DESC_58,VBBOEJVJTLJB5R505FW1D1NT2YQWEGGPF2D,DVRZMCSIPGB638L6WDHK1BPH8NCS9NLQJMNO,4445735,6UNNEHCQ1APZQD5HS7BWW035NA0PZGN1QP0F6Y8R3ZKM,DESC_58,DESC_58,J6BK26UVRUT2PIF85WHVKKYRWQ8N92O,YP7A03,ATZA4QK5OV65FVXVQ0TT,409251,2387186,7735315,WZAYL13ZL5EUOLZVUGN0U0H63QZ20N575F4FCXGZQJLN,2025-09-28 13:36:55.910811+00:00
"{""_dataos_run_mapper_id"": ""mock:redshift-inputs""}",SMTUPZ9DJOG9Q73OWXHHJL8A12TMEOPE1KRBOQ9J9T,97W98FVLIXU1UPBBSJ8KAXZ2MGQ8L74CEX9HO4YI1ZUF7P5DCP,SGWS_59,ADVANCEDSEARCH_59,979604,ONESOURCEPLUS_59,B2HM9V0NA6FT9R8XQMWBD8V5QGQWNL8Z5F39PKDADASEMAJB5JW9DIL,55IS05E,ONESOURCEPLUS_59,RP8WKT8GNZGSHNKKROGV00493TQULMFMXSEKUNG5S0H5UFIG79,WCGTHA25FJFP34FATUQPQWP1MKJNJOOLD4HR,WSWM677YLDVZCOZCEEO4XNEVOYYHOQSVNA50K34BZDI7FMJD,SCFO3E9W7UMGUEJ7IXU8YVEK4DGHZWQFIUB7VGL7C7RV063RPF49O,G6ROAXLSPMJ62FWWDKQ27Z256SECOM158YAZIVNSGNFF6CTD5O6AR,ETI6,WD2,MMM4WP2LEYH5ZKHKC3419WD6T85JQHBNBR7ZWNV0,87KAV8IBYJ0GWZWP888Y3QIU7TUUX,36USP58EE14V1KF5HF5WYBV1WIXQA9F0H0NSBJYBBT,WJV3WMCLATD4Q64ZKW3BTY2BCZSCDSV6D1T8P1P0TV,KMB6W6GMHMKF4B1ZMF5J1NCN725RJLQAEL4YUN8MK0FM35FXAK,7198946,CK5N3YES8M2DVMDN760F01P9G729QNGSTVNEJZNG21OX6JGZ3ME2ZZ,81NUJ1,O8ZNGTZ8VDN35IHTO0MN6874N8CE05HCU2QYZXGI3Y9FNZ7QAN2VFNMZKQ,JBMJYFTN5WXOCUN9,AES1AT5PBI797DPFTGHDJK9ZISIPO1348B4CMLC04AL,PGZHQBQCN5BB1T464876HU52JEVL0WR4YR5JB334VDG1P9W6Y,O7DPL8THQLFD3M00TMLDADN0SMX,213.06,4HOLZI71GMJK7Q45943545I36MQJCXO659YGKIOYTPETGRP,G7K5DJ77GAA7AI102Q0VIM9VE,Q4OFAXNB5U87JBLMJEKCIESHSK9RSA6FWEW6SVQGLO638MM4PZ,LX3AGCKP52Z9G0LD6IWI38BPDJ0NKZ,14I4O1JOLESFH8GA9B6K75SLOP4SB1QFFWVF,9436324,OCJXDBWV9HOXWO5JEEQW4N5G97J66,RR3CG72ZYP3M5YPH45,1WNZB2VGQPOO8124PBANH11NOJF8VDKULMG9,0PZV6USSE6HFCGYF7237FW4RPOFTM60NCBD8B47UYXWL9B0GA13,2024-04-07 17:56:46.498013+00:00,6UVM3934IZ,QXWPOCC551ICHCTTB0LGJ6UDN,N,Z1Z7GET6LO9KQM1FHVNSKNMLEUZLW3KG9XDI8MX1Z823,H,DESC_59,AVQ039BQIN,9YCV86DJT5Y9O6J7CTJS2MV2O8JP8RVHHOB4H0PXVDDVVO,4093677,W54RIQFRAI980DR65YPMJJS1FYWMU7BWFSQ,DESC_59,DESC_59,YUJETMGSPSBLNT,0FSTYMMGGJBE2DEI958MQFMQ61R9NYKLUJUZYCN,9QJL56PLA3QK11HMB7D0OFN8,399339,7526118,9765309,ZXA8909CU6Y872WK15A8927NM3F0QF1GCAD,2024-12-26 11:45:48.022897+00:00
